task_id,task_type,compute_units,data_size_mb,deadline_sec,priority
T-0001,image_processing,6.1,45.5,2.72,3
T-0002,object_tracking,4.17,19.22,1.22,5
T-0003,object_tracking,5.2,20.61,1.63,5
T-0004,terrain_mapping,8.88,77.68,5.21,2
T-0005,terrain_mapping,9.36,64.66,5.44,2
T-0006,image_processing,7.52,47.18,2.84,3
T-0007,image_processing,8.92,50.72,3.47,3
T-0008,object_tracking,4.59,21.29,1.73,5
T-0009,path_planning,3.41,3.23,0.89,5
T-0010,image_processing,9.42,57.33,2.88,3
T-0011,anomaly_detection,4.49,25.33,1.97,4
T-0012,image_processing,8.44,43.42,3.23,3
T-0013,terrain_mapping,9.08,87.76,5.03,2
T-0014,anomaly_detection,6.53,31.64,1.66,3
T-0015,terrain_mapping,9.07,66.33,5.41,2
T-0016,anomaly_detection,4.64,27.49,2.12,4
T-0017,path_planning,2.53,4.23,1.02,5
T-0018,object_tracking,4.86,20.84,1.42,5
T-0019,path_planning,3.02,3.45,0.82,2
T-0020,terrain_mapping,10.39,71.54,4.89,2
T-0021,anomaly_detection,6.91,32.91,1.51,4
T-0022,object_tracking,5.5,22.69,1.4,5
T-0023,path_planning,2.91,7.77,1.15,5
T-0024,object_tracking,5.52,20.08,1.26,5
T-0025,object_tracking,5.22,16.53,1.66,5
T-0026,object_tracking,5.84,20.99,1.49,3
T-0027,anomaly_detection,4.72,23.61,1.9,4
T-0028,image_processing,9.91,50.65,2.63,3
T-0029,object_tracking,4.33,20.28,1.56,5
T-0030,object_tracking,5.51,21.9,1.63,5
T-0031,anomaly_detection,5.31,27.76,1.58,4
T-0032,anomaly_detection,4.06,28.31,1.91,1
T-0033,path_planning,2.13,3.16,0.93,5
T-0034,anomaly_detection,6.01,23.21,1.59,4
T-0035,object_tracking,5.15,17.43,1.48,5
T-0036,image_processing,6.39,48.62,2.92,3
T-0037,image_processing,8.69,59.68,2.6,3
T-0038,anomaly_detection,6.4,21.64,1.63,4
T-0039,path_planning,2.84,4.39,0.9,5
T-0040,terrain_mapping,11.23,85.68,4.15,2
T-0041,object_tracking,5.67,24.69,1.76,5
T-0042,path_planning,2.81,5.41,1.15,5
T-0043,path_planning,2.76,7.93,0.91,5
T-0044,terrain_mapping,9.14,80.9,5.1,2
T-0045,terrain_mapping,8.62,68.9,5.45,2
T-0046,object_tracking,4.12,18.14,1.23,5
T-0047,object_tracking,4.31,24.61,1.25,5
T-0048,object_tracking,4.14,23.62,1.44,5
T-0049,object_tracking,4.49,20.95,1.57,5
T-0050,object_tracking,5.13,18.16,1.36,5
T-0051,anomaly_detection,4.72,25.94,1.97,4
T-0052,anomaly_detection,6.79,34.04,1.51,4
T-0053,object_tracking,5.99,15.73,1.33,5
T-0054,anomaly_detection,6.64,33.19,1.76,4
T-0055,object_tracking,5.41,21.12,1.79,5
T-0056,image_processing,8.67,51.09,3.43,2
T-0057,anomaly_detection,4.35,21.61,1.89,4
T-0058,object_tracking,4.42,18.43,1.61,5
T-0059,object_tracking,4.98,24.05,1.71,4
T-0060,anomaly_detection,4.13,25.0,1.59,4
T-0061,path_planning,3.48,5.76,0.97,1
T-0062,path_planning,3.09,7.17,1.03,2
T-0063,image_processing,7.23,57.98,3.3,3
T-0064,anomaly_detection,4.63,23.74,1.57,4
T-0065,terrain_mapping,11.9,82.48,5.39,2
T-0066,path_planning,3.95,7.05,1.15,3
T-0067,terrain_mapping,11.21,85.92,5.22,2
T-0068,image_processing,7.53,40.77,2.97,3
T-0069,terrain_mapping,9.4,84.62,5.31,2
T-0070,path_planning,2.8,4.39,0.83,5
T-0071,anomaly_detection,5.92,26.0,2.19,4
T-0072,image_processing,6.46,59.41,2.68,3
T-0073,anomaly_detection,4.11,28.95,1.74,4
T-0074,terrain_mapping,10.42,75.34,4.58,2
T-0075,anomaly_detection,4.13,26.54,1.86,4
T-0076,path_planning,2.73,3.35,1.07,5
T-0077,anomaly_detection,5.99,21.87,2.13,4
T-0078,terrain_mapping,9.3,80.92,4.83,2
T-0079,terrain_mapping,10.71,87.08,4.92,2
T-0080,object_tracking,5.67,18.04,1.33,5
T-0081,object_tracking,5.31,19.65,1.47,5
T-0082,terrain_mapping,11.17,88.79,5.1,2
T-0083,anomaly_detection,5.55,29.49,1.73,4
T-0084,path_planning,3.35,4.12,0.88,2
T-0085,terrain_mapping,10.45,83.05,4.68,2
T-0086,object_tracking,4.39,21.96,1.5,5
T-0087,image_processing,9.57,57.21,3.39,3
T-0088,path_planning,2.35,7.79,1.01,2
T-0089,image_processing,7.83,56.03,3.17,3
T-0090,object_tracking,4.63,22.55,1.47,5
T-0091,object_tracking,4.85,24.07,1.47,5
T-0092,terrain_mapping,9.8,82.55,5.26,2
T-0093,object_tracking,4.97,17.39,1.46,5
T-0094,path_planning,2.54,4.6,1.02,2
T-0095,terrain_mapping,10.78,81.19,4.1,2
T-0096,object_tracking,4.93,15.62,1.7,5
T-0097,object_tracking,5.89,15.2,1.73,5
T-0098,terrain_mapping,8.02,70.55,5.13,2
T-0099,terrain_mapping,10.15,82.04,5.2,2
T-0100,terrain_mapping,8.88,73.08,4.04,2
T-0101,terrain_mapping,10.9,85.22,5.38,2
T-0102,object_tracking,4.05,18.94,1.54,4
T-0103,path_planning,3.73,3.91,0.9,5
T-0104,terrain_mapping,9.31,82.84,4.57,2
T-0105,terrain_mapping,9.01,62.46,4.03,2
T-0106,anomaly_detection,4.67,21.03,2.17,1
T-0107,path_planning,2.4,3.1,0.86,1
T-0108,object_tracking,5.9,19.65,1.35,5
T-0109,object_tracking,5.21,22.48,1.27,5
T-0110,anomaly_detection,4.32,20.39,1.72,4
T-0111,terrain_mapping,9.59,81.45,4.11,2
T-0112,path_planning,2.2,6.86,1.14,5
T-0113,image_processing,9.18,51.32,2.54,3
T-0114,anomaly_detection,4.21,29.71,1.51,4
T-0115,terrain_mapping,8.42,88.82,4.95,2
T-0116,path_planning,2.87,6.67,1.19,5
T-0117,object_tracking,5.55,19.65,1.7,5
T-0118,anomaly_detection,6.56,32.46,1.56,4
T-0119,path_planning,3.5,5.85,1.07,5
T-0120,terrain_mapping,11.4,65.46,4.32,2
T-0121,anomaly_detection,4.84,28.94,2.12,4
T-0122,object_tracking,5.9,15.86,1.63,5
T-0123,path_planning,3.38,6.23,1.0,5
T-0124,image_processing,7.18,48.09,2.74,3
T-0125,anomaly_detection,5.42,27.96,1.8,4
T-0126,anomaly_detection,5.06,26.81,1.71,4
T-0127,path_planning,2.63,6.71,1.18,5
T-0128,path_planning,2.43,5.42,1.09,5
T-0129,object_tracking,5.19,24.81,1.7,5
T-0130,anomaly_detection,4.54,20.21,1.87,4
T-0131,image_processing,8.21,53.95,2.63,3
T-0132,terrain_mapping,8.41,60.37,4.43,2
T-0133,anomaly_detection,4.55,20.77,2.16,4
T-0134,image_processing,7.6,41.48,3.13,2
T-0135,object_tracking,5.9,15.85,1.35,5
T-0136,terrain_mapping,10.43,83.72,4.34,2
T-0137,terrain_mapping,11.63,68.92,4.88,2
T-0138,object_tracking,5.24,21.1,1.64,5
T-0139,path_planning,3.25,4.32,0.83,5
T-0140,object_tracking,4.15,15.03,1.47,5
T-0141,anomaly_detection,4.1,24.32,1.7,4
T-0142,image_processing,8.75,58.48,3.29,3
T-0143,path_planning,2.85,5.72,1.06,5
T-0144,path_planning,2.14,3.83,0.92,5
T-0145,object_tracking,5.84,19.39,1.48,5
T-0146,terrain_mapping,11.77,75.01,4.74,1
T-0147,terrain_mapping,10.94,78.11,4.04,2
T-0148,object_tracking,5.17,15.21,1.66,5
T-0149,object_tracking,4.08,22.56,1.48,5
T-0150,anomaly_detection,4.54,28.78,1.94,4
T-0151,image_processing,7.88,48.17,2.82,2
T-0152,anomaly_detection,5.23,27.43,1.96,4
T-0153,object_tracking,4.07,15.88,1.35,4
T-0154,object_tracking,5.65,15.01,1.72,5
T-0155,image_processing,6.75,47.24,3.26,3
T-0156,image_processing,6.81,50.98,3.43,3
T-0157,terrain_mapping,8.49,89.19,4.91,2
T-0158,path_planning,2.62,3.07,0.96,5
T-0159,image_processing,7.85,42.35,3.33,3
T-0160,anomaly_detection,5.53,24.1,2.08,4
T-0161,path_planning,2.91,3.72,0.88,5
T-0162,path_planning,3.73,4.38,1.12,5
T-0163,object_tracking,4.53,15.03,1.64,5
T-0164,object_tracking,6.0,19.9,1.29,5
T-0165,anomaly_detection,5.0,31.44,1.76,4
T-0166,path_planning,3.96,4.19,0.95,5
T-0167,terrain_mapping,8.17,82.34,5.06,2
T-0168,terrain_mapping,11.95,83.77,4.98,2
T-0169,image_processing,6.5,59.31,2.83,4
T-0170,image_processing,8.1,49.14,3.22,3
T-0171,path_planning,2.15,6.91,0.91,5
T-0172,terrain_mapping,10.6,85.55,5.28,2
T-0173,terrain_mapping,11.82,78.8,5.33,2
T-0174,object_tracking,4.07,15.68,1.58,5
T-0175,path_planning,3.49,5.17,0.84,5
T-0176,image_processing,7.77,53.88,3.4,1
T-0177,anomaly_detection,5.08,26.46,1.67,4
T-0178,path_planning,2.34,3.39,1.15,5
T-0179,path_planning,3.0,5.92,0.89,5
T-0180,terrain_mapping,9.02,60.28,5.21,2
T-0181,object_tracking,4.32,19.42,1.41,5
T-0182,terrain_mapping,10.76,73.71,4.45,2
T-0183,terrain_mapping,8.43,71.44,4.54,2
T-0184,anomaly_detection,4.07,32.45,1.78,1
T-0185,object_tracking,5.49,23.33,1.74,5
T-0186,path_planning,3.21,4.76,1.05,5
T-0187,path_planning,3.26,7.52,1.06,5
T-0188,terrain_mapping,8.13,70.95,4.2,2
T-0189,anomaly_detection,6.24,22.63,1.59,4
T-0190,anomaly_detection,5.59,33.7,2.08,4
T-0191,terrain_mapping,11.87,68.85,5.31,2
T-0192,terrain_mapping,11.85,64.22,5.45,2
T-0193,terrain_mapping,11.87,84.14,4.55,2
T-0194,image_processing,7.06,42.47,2.87,3
T-0195,anomaly_detection,5.75,32.34,2.16,2
T-0196,terrain_mapping,8.1,86.53,4.84,2
T-0197,path_planning,3.3,6.18,0.99,5
T-0198,terrain_mapping,8.47,61.36,4.06,2
T-0199,image_processing,6.39,57.75,2.64,3
T-0200,object_tracking,4.84,22.42,1.29,5
T-0201,image_processing,9.33,52.31,3.44,3
T-0202,anomaly_detection,4.65,26.67,1.67,4
T-0203,anomaly_detection,5.63,34.67,1.75,4
T-0204,path_planning,3.94,7.75,1.13,2
T-0205,object_tracking,5.94,15.51,1.4,5
T-0206,object_tracking,4.41,23.3,1.53,5
T-0207,path_planning,2.66,3.74,1.16,2
T-0208,path_planning,3.08,6.99,0.84,5
T-0209,path_planning,2.03,6.95,0.9,5
T-0210,path_planning,2.53,3.63,0.97,1
T-0211,terrain_mapping,9.79,70.86,4.89,2
T-0212,path_planning,3.89,3.22,1.11,5
T-0213,object_tracking,4.6,21.43,1.22,5
T-0214,terrain_mapping,9.71,63.24,5.07,2
T-0215,image_processing,7.29,42.97,2.63,3
T-0216,object_tracking,5.1,18.25,1.8,5
T-0217,terrain_mapping,10.02,72.91,5.19,5
T-0218,path_planning,2.86,7.44,0.97,5
T-0219,terrain_mapping,9.66,62.85,4.64,2
T-0220,anomaly_detection,6.86,30.3,1.83,1
T-0221,image_processing,7.73,54.89,2.87,1
T-0222,object_tracking,5.91,20.62,1.6,5
T-0223,terrain_mapping,11.47,81.63,5.45,2
T-0224,anomaly_detection,4.31,27.61,1.61,4
T-0225,image_processing,7.4,51.13,2.61,3
T-0226,path_planning,3.61,7.23,1.19,5
T-0227,object_tracking,5.35,20.57,1.57,5
T-0228,anomaly_detection,4.09,24.1,2.03,4
T-0229,anomaly_detection,4.02,33.05,1.9,4
T-0230,path_planning,3.48,7.86,0.84,5
T-0231,terrain_mapping,9.68,70.23,4.56,2
T-0232,object_tracking,5.19,23.83,1.29,5
T-0233,image_processing,8.7,45.44,3.16,3
T-0234,terrain_mapping,9.66,66.47,4.77,2
T-0235,image_processing,7.13,53.57,2.99,3
T-0236,image_processing,6.88,59.69,2.55,3
T-0237,path_planning,3.53,6.82,0.92,4
T-0238,terrain_mapping,8.7,71.41,5.06,2
T-0239,anomaly_detection,4.22,32.93,1.53,1
T-0240,anomaly_detection,5.73,28.6,2.0,4
T-0241,image_processing,7.62,59.32,2.67,3
T-0242,terrain_mapping,11.33,87.59,4.13,2
T-0243,path_planning,2.87,5.0,0.83,5
T-0244,anomaly_detection,4.66,31.69,1.55,4
T-0245,object_tracking,5.02,24.06,1.41,5
T-0246,path_planning,2.47,3.73,0.88,5
T-0247,image_processing,6.71,55.46,2.99,3
T-0248,object_tracking,4.9,24.24,1.54,5
T-0249,object_tracking,4.65,24.71,1.39,5
T-0250,terrain_mapping,9.77,69.08,4.41,5
T-0251,image_processing,7.24,49.04,2.56,3
T-0252,image_processing,8.58,59.55,2.59,3
T-0253,terrain_mapping,9.85,76.63,5.19,2
T-0254,terrain_mapping,11.64,77.15,4.28,2
T-0255,object_tracking,4.3,15.62,1.26,5
T-0256,anomaly_detection,6.95,21.26,1.95,4
T-0257,terrain_mapping,10.1,78.29,4.55,2
T-0258,terrain_mapping,9.64,70.15,4.9,2
T-0259,anomaly_detection,4.2,21.42,1.97,4
T-0260,object_tracking,5.75,18.33,1.55,3
T-0261,anomaly_detection,6.9,30.48,1.77,4
T-0262,image_processing,7.24,47.53,3.29,3
T-0263,object_tracking,4.19,21.7,1.51,3
T-0264,path_planning,3.9,4.71,1.11,5
T-0265,path_planning,2.31,4.48,1.12,5
T-0266,object_tracking,5.67,23.84,1.22,5
T-0267,object_tracking,4.26,18.77,1.3,5
T-0268,object_tracking,5.62,16.66,1.46,5
T-0269,path_planning,3.94,6.05,1.1,5
T-0270,path_planning,3.07,4.55,1.12,5
T-0271,path_planning,2.74,7.74,1.19,5
T-0272,anomaly_detection,6.33,27.54,1.79,4
T-0273,path_planning,3.6,3.69,0.9,5
T-0274,anomaly_detection,5.66,21.54,2.09,4
T-0275,anomaly_detection,4.25,22.4,1.81,4
T-0276,terrain_mapping,8.37,87.32,5.23,2
T-0277,image_processing,7.66,47.93,2.87,3
T-0278,image_processing,7.5,40.56,3.43,3
T-0279,anomaly_detection,6.37,22.06,1.7,4
T-0280,path_planning,3.52,5.35,1.05,5
T-0281,image_processing,7.02,56.7,3.05,3
T-0282,object_tracking,4.85,22.76,1.34,2
T-0283,terrain_mapping,10.56,78.68,4.09,2
T-0284,terrain_mapping,10.39,60.49,4.77,2
T-0285,path_planning,2.58,3.01,0.94,5
T-0286,path_planning,3.33,3.43,1.19,5
T-0287,object_tracking,5.01,24.88,1.53,5
T-0288,terrain_mapping,8.17,71.61,4.56,2
T-0289,anomaly_detection,6.37,25.17,2.01,4
T-0290,object_tracking,5.47,18.33,1.23,5
T-0291,path_planning,3.66,6.42,1.19,5
T-0292,path_planning,3.62,3.32,1.11,5
T-0293,anomaly_detection,4.6,31.87,2.12,4
T-0294,anomaly_detection,5.55,34.84,1.88,4
T-0295,path_planning,2.57,7.31,0.82,5
T-0296,anomaly_detection,4.37,25.52,2.12,4
T-0297,terrain_mapping,9.36,65.6,5.04,2
T-0298,object_tracking,4.53,15.83,1.45,5
T-0299,path_planning,3.09,4.61,0.83,5
T-0300,anomaly_detection,5.34,30.76,1.62,4
T-0301,terrain_mapping,8.17,86.1,4.53,2
T-0302,anomaly_detection,5.92,31.87,1.54,4
T-0303,terrain_mapping,9.45,84.03,5.02,2
T-0304,path_planning,3.7,6.39,0.98,2
T-0305,anomaly_detection,5.09,34.24,1.52,4
T-0306,terrain_mapping,11.8,71.16,5.14,2
T-0307,object_tracking,4.73,18.14,1.37,5
T-0308,image_processing,8.94,49.98,2.89,3
T-0309,anomaly_detection,6.32,30.56,1.65,4
T-0310,terrain_mapping,8.8,64.07,4.11,2
T-0311,terrain_mapping,11.99,84.32,5.45,2
T-0312,anomaly_detection,6.13,28.25,1.7,4
T-0313,path_planning,3.42,7.64,1.06,5
T-0314,object_tracking,4.45,24.85,1.68,5
T-0315,terrain_mapping,8.11,76.62,4.55,2
T-0316,object_tracking,4.26,23.84,1.24,5
T-0317,terrain_mapping,10.1,83.07,5.24,3
T-0318,image_processing,7.8,53.6,2.84,3
T-0319,object_tracking,5.28,16.82,1.78,5
T-0320,image_processing,9.33,50.36,2.8,3
T-0321,path_planning,2.69,7.7,1.16,5
T-0322,anomaly_detection,4.59,34.35,1.69,4
T-0323,object_tracking,5.07,20.03,1.3,5
T-0324,path_planning,2.34,6.12,1.16,5
T-0325,object_tracking,4.08,23.64,1.25,5
T-0326,object_tracking,4.53,17.11,1.54,5
T-0327,image_processing,7.99,52.54,2.79,3
T-0328,terrain_mapping,8.98,84.22,4.61,2
T-0329,image_processing,6.63,48.31,2.96,3
T-0330,path_planning,2.63,6.59,1.09,5
T-0331,terrain_mapping,8.52,71.12,4.84,2
T-0332,terrain_mapping,8.49,73.49,4.21,4
T-0333,object_tracking,4.84,24.63,1.74,5
T-0334,object_tracking,5.44,16.9,1.3,5
T-0335,terrain_mapping,10.0,69.26,4.03,2
T-0336,object_tracking,4.91,17.41,1.55,3
T-0337,terrain_mapping,10.39,85.29,5.01,2
T-0338,image_processing,9.39,48.62,3.38,3
T-0339,terrain_mapping,9.46,72.02,4.86,2
T-0340,object_tracking,4.58,18.86,1.47,5
T-0341,object_tracking,5.36,16.19,1.79,5
T-0342,anomaly_detection,5.67,25.48,1.6,4
T-0343,terrain_mapping,10.0,61.36,4.21,2
T-0344,terrain_mapping,10.08,64.47,5.34,5
T-0345,anomaly_detection,4.49,34.86,2.02,4
T-0346,anomaly_detection,5.52,27.65,1.84,4
T-0347,terrain_mapping,11.26,71.05,5.01,2
T-0348,object_tracking,4.62,23.99,1.72,5
T-0349,object_tracking,4.95,24.67,1.67,5
T-0350,object_tracking,4.46,15.51,1.49,5
T-0351,object_tracking,5.55,18.8,1.69,5
T-0352,object_tracking,5.9,16.1,1.21,5
T-0353,path_planning,2.83,4.02,1.0,5
T-0354,terrain_mapping,11.49,82.08,4.09,2
T-0355,object_tracking,4.65,21.62,1.52,5
T-0356,path_planning,2.92,5.67,1.02,5
T-0357,anomaly_detection,5.83,22.88,1.67,4
T-0358,path_planning,3.88,7.91,1.11,5
T-0359,terrain_mapping,9.27,70.46,5.4,2
T-0360,anomaly_detection,4.86,28.6,1.88,4
T-0361,terrain_mapping,11.27,88.64,5.21,2
T-0362,anomaly_detection,6.87,21.19,2.15,4
T-0363,terrain_mapping,8.86,84.84,4.41,2
T-0364,anomaly_detection,4.41,29.24,1.91,4
T-0365,object_tracking,4.45,17.33,1.26,5
T-0366,terrain_mapping,8.4,83.12,4.01,2
T-0367,path_planning,2.81,7.68,1.15,5
T-0368,path_planning,3.51,4.44,0.91,1
T-0369,object_tracking,4.46,22.39,1.71,2
T-0370,terrain_mapping,11.53,65.27,5.38,2
T-0371,terrain_mapping,11.15,65.59,5.12,2
T-0372,anomaly_detection,6.63,20.14,1.9,3
T-0373,anomaly_detection,5.36,29.62,1.87,4
T-0374,path_planning,3.7,5.34,0.88,2
T-0375,terrain_mapping,10.59,81.56,4.02,2
T-0376,anomaly_detection,5.7,31.36,1.62,4
T-0377,terrain_mapping,11.31,75.46,4.13,2
T-0378,path_planning,3.96,5.39,1.17,4
T-0379,path_planning,2.89,4.33,0.93,5
T-0380,object_tracking,4.02,21.54,1.62,1
T-0381,terrain_mapping,9.23,72.16,4.75,2
T-0382,anomaly_detection,6.07,29.58,2.16,4
T-0383,path_planning,2.44,3.67,0.86,5
T-0384,object_tracking,4.75,22.02,1.75,5
T-0385,path_planning,3.52,6.4,1.04,5
T-0386,object_tracking,4.89,22.04,1.25,5
T-0387,image_processing,9.32,58.06,2.7,3
T-0388,path_planning,2.66,5.6,0.85,5
T-0389,object_tracking,4.98,23.99,1.47,2
T-0390,object_tracking,4.83,20.64,1.54,5
T-0391,anomaly_detection,6.17,25.94,2.07,4
T-0392,object_tracking,4.15,19.24,1.62,5
T-0393,image_processing,9.74,41.38,3.43,4
T-0394,path_planning,3.54,6.83,1.19,5
T-0395,terrain_mapping,9.5,86.74,4.67,2
T-0396,terrain_mapping,9.5,80.48,4.99,2
T-0397,anomaly_detection,4.36,34.89,1.78,2
T-0398,image_processing,9.02,59.57,2.96,3
T-0399,terrain_mapping,10.13,84.7,4.37,2
T-0400,anomaly_detection,4.57,33.13,2.04,4
T-0401,object_tracking,5.53,23.84,1.21,5
T-0402,image_processing,8.38,48.93,3.17,3
T-0403,path_planning,3.48,5.01,0.89,5
T-0404,image_processing,6.56,59.87,2.73,3
T-0405,object_tracking,4.64,20.98,1.6,5
T-0406,anomaly_detection,6.63,34.79,1.86,4
T-0407,anomaly_detection,4.18,34.23,2.12,4
T-0408,terrain_mapping,10.22,61.41,4.52,2
T-0409,terrain_mapping,11.14,69.56,4.62,4
T-0410,path_planning,3.51,5.37,1.14,5
T-0411,path_planning,3.61,7.57,1.02,5
T-0412,object_tracking,5.06,18.88,1.35,5
T-0413,image_processing,9.69,56.94,2.59,3
T-0414,path_planning,2.1,4.89,1.04,1
T-0415,path_planning,3.61,5.94,1.07,5
T-0416,path_planning,3.74,4.66,1.18,2
T-0417,image_processing,8.99,55.09,3.41,3
T-0418,path_planning,2.79,4.2,0.93,5
T-0419,terrain_mapping,10.13,70.78,4.39,2
T-0420,terrain_mapping,9.86,84.08,5.08,2
T-0421,anomaly_detection,6.74,25.56,1.79,4
T-0422,path_planning,3.48,3.08,1.02,5
T-0423,terrain_mapping,9.18,65.89,4.35,2
T-0424,path_planning,3.0,6.27,1.07,5
T-0425,terrain_mapping,11.87,79.25,4.74,2
T-0426,anomaly_detection,4.51,30.8,1.84,4
T-0427,object_tracking,5.98,24.57,1.51,5
T-0428,image_processing,9.78,53.36,3.26,3
T-0429,path_planning,2.14,3.76,0.89,5
T-0430,image_processing,8.47,53.34,3.12,3
T-0431,terrain_mapping,8.06,75.97,4.62,3
T-0432,object_tracking,5.95,15.17,1.69,5
T-0433,path_planning,2.21,3.48,0.86,5
T-0434,object_tracking,4.5,18.54,1.68,4
T-0435,terrain_mapping,10.26,89.71,4.34,2
T-0436,image_processing,8.61,57.16,3.26,4
T-0437,terrain_mapping,10.21,61.68,4.01,2
T-0438,terrain_mapping,11.38,79.35,4.5,2
T-0439,image_processing,9.58,58.38,2.73,3
T-0440,object_tracking,4.95,15.47,1.24,5
T-0441,object_tracking,5.13,15.33,1.76,5
T-0442,path_planning,3.17,6.76,1.09,5
T-0443,image_processing,7.2,51.28,3.07,3
T-0444,object_tracking,4.66,22.56,1.28,5
T-0445,image_processing,8.0,59.49,2.55,3
T-0446,image_processing,7.36,55.38,3.45,3
T-0447,anomaly_detection,4.09,24.1,2.19,4
T-0448,anomaly_detection,5.66,25.63,1.63,4
T-0449,terrain_mapping,8.34,78.56,5.2,2
T-0450,image_processing,7.07,47.6,3.28,3
T-0451,terrain_mapping,9.27,63.2,4.01,2
T-0452,anomaly_detection,6.28,21.53,1.56,4
T-0453,object_tracking,5.11,19.08,1.22,5
T-0454,image_processing,8.39,55.69,3.36,4
T-0455,terrain_mapping,11.12,81.75,4.84,2
T-0456,path_planning,3.14,3.85,0.95,3
T-0457,anomaly_detection,5.48,20.95,1.8,4
T-0458,terrain_mapping,11.13,70.83,5.42,2
T-0459,terrain_mapping,10.38,65.87,4.16,2
T-0460,terrain_mapping,9.33,78.61,5.21,2
T-0461,anomaly_detection,5.29,32.35,1.96,4
T-0462,anomaly_detection,4.96,34.21,1.64,4
T-0463,terrain_mapping,11.87,68.74,5.04,2
T-0464,object_tracking,5.56,18.26,1.37,5
T-0465,anomaly_detection,4.34,28.46,1.91,4
T-0466,object_tracking,4.05,22.27,1.77,5
T-0467,anomaly_detection,6.49,21.04,2.09,4
T-0468,terrain_mapping,8.56,69.08,4.38,2
T-0469,terrain_mapping,11.16,62.22,5.49,2
T-0470,terrain_mapping,10.14,87.7,5.3,2
T-0471,image_processing,9.16,47.19,3.4,3
T-0472,image_processing,6.44,44.96,3.16,3
T-0473,object_tracking,4.09,24.84,1.61,5
T-0474,anomaly_detection,6.9,26.46,1.51,4
T-0475,object_tracking,5.49,20.58,1.61,5
T-0476,anomaly_detection,5.17,31.59,1.91,4
T-0477,anomaly_detection,6.99,27.24,1.71,4
T-0478,image_processing,6.46,58.81,2.64,3
T-0479,terrain_mapping,11.14,75.63,4.52,4
T-0480,anomaly_detection,4.2,20.67,2.0,3
T-0481,image_processing,8.71,43.29,3.48,3
T-0482,path_planning,3.1,4.65,0.97,5
T-0483,terrain_mapping,10.52,65.59,4.99,2
T-0484,object_tracking,5.77,19.5,1.46,2
T-0485,path_planning,2.56,6.52,1.12,5
T-0486,object_tracking,4.37,18.26,1.47,5
T-0487,terrain_mapping,10.11,79.17,4.9,2
T-0488,object_tracking,4.23,18.52,1.47,5
T-0489,anomaly_detection,6.76,28.85,1.97,4
T-0490,path_planning,2.61,3.92,1.08,5
T-0491,terrain_mapping,10.39,77.24,4.63,2
T-0492,object_tracking,5.39,21.45,1.8,5
T-0493,terrain_mapping,9.16,65.61,5.26,2
T-0494,anomaly_detection,6.86,27.27,1.64,4
T-0495,object_tracking,5.01,19.95,1.61,5
T-0496,terrain_mapping,9.95,62.48,4.05,2
T-0497,anomaly_detection,4.1,23.37,1.7,4
T-0498,object_tracking,5.49,22.66,1.53,1
T-0499,anomaly_detection,6.33,32.35,1.76,4
T-0500,image_processing,9.04,48.83,2.72,3
T-0501,path_planning,2.6,8.0,0.98,5
T-0502,image_processing,7.76,59.88,3.28,3
T-0503,object_tracking,5.38,23.61,1.57,5
T-0504,object_tracking,4.28,17.07,1.32,3
T-0505,object_tracking,4.56,20.39,1.39,5
T-0506,anomaly_detection,5.72,34.29,1.86,4
T-0507,image_processing,6.54,55.0,2.91,3
T-0508,path_planning,3.4,3.66,0.86,5
T-0509,path_planning,3.52,6.38,1.0,5
T-0510,anomaly_detection,5.88,25.63,1.55,4
T-0511,image_processing,7.61,55.0,3.19,3
T-0512,terrain_mapping,11.8,69.82,4.0,2
T-0513,image_processing,8.92,49.17,3.16,3
T-0514,image_processing,9.18,47.95,3.47,3
T-0515,terrain_mapping,9.07,84.85,4.51,2
T-0516,object_tracking,5.7,22.88,1.74,5
T-0517,image_processing,6.4,55.68,2.96,2
T-0518,terrain_mapping,9.83,89.76,4.64,2
T-0519,path_planning,3.76,4.51,1.15,5
T-0520,image_processing,8.62,45.01,2.87,3
T-0521,path_planning,2.1,6.13,1.09,5
T-0522,terrain_mapping,10.62,81.11,4.0,2
T-0523,path_planning,3.19,5.6,0.98,3
T-0524,image_processing,9.95,48.45,2.63,4
T-0525,image_processing,8.92,42.05,2.81,3
T-0526,path_planning,2.77,7.07,1.15,5
T-0527,path_planning,2.14,5.82,1.04,5
T-0528,anomaly_detection,6.17,29.42,1.61,4
T-0529,terrain_mapping,11.44,62.6,4.15,2
T-0530,object_tracking,5.46,18.52,1.46,5
T-0531,path_planning,2.55,3.42,1.02,5
T-0532,object_tracking,4.57,24.41,1.22,5
T-0533,anomaly_detection,4.62,29.1,1.63,4
T-0534,image_processing,9.14,55.88,2.74,3
T-0535,path_planning,3.0,5.97,1.01,5
T-0536,anomaly_detection,6.8,21.98,2.1,4
T-0537,anomaly_detection,5.64,22.59,1.83,4
T-0538,image_processing,6.07,41.35,2.76,1
T-0539,terrain_mapping,10.03,78.86,4.75,2
T-0540,terrain_mapping,8.33,76.1,4.92,2
T-0541,anomaly_detection,4.24,33.81,2.18,4
T-0542,anomaly_detection,5.17,29.51,2.08,4
T-0543,image_processing,7.24,48.75,3.45,3
T-0544,path_planning,2.17,5.17,0.98,5
T-0545,anomaly_detection,6.0,29.87,1.62,2
T-0546,image_processing,6.66,59.06,3.02,3
T-0547,anomaly_detection,4.5,21.9,2.05,4
T-0548,image_processing,9.09,40.59,3.31,3
T-0549,image_processing,7.05,59.5,3.13,3
T-0550,object_tracking,4.72,20.0,1.54,5
T-0551,anomaly_detection,6.32,33.41,1.97,5
T-0552,image_processing,6.18,57.26,2.74,3
T-0553,terrain_mapping,11.68,65.37,5.44,4
T-0554,path_planning,2.64,5.08,1.09,5
T-0555,image_processing,8.29,42.39,3.17,2
T-0556,object_tracking,5.96,24.54,1.24,5
T-0557,anomaly_detection,6.32,24.66,1.56,4
T-0558,anomaly_detection,4.6,28.46,1.71,4
T-0559,terrain_mapping,9.47,89.16,5.5,2
T-0560,object_tracking,5.52,17.45,1.2,5
T-0561,path_planning,3.08,6.18,1.08,3
T-0562,image_processing,9.04,47.53,3.24,3
T-0563,path_planning,3.06,4.19,1.0,2
T-0564,anomaly_detection,4.28,33.82,2.13,4
T-0565,anomaly_detection,5.38,31.22,1.91,4
T-0566,terrain_mapping,8.3,77.03,4.65,2
T-0567,path_planning,2.58,7.25,1.17,5
T-0568,anomaly_detection,4.95,24.08,1.55,4
T-0569,object_tracking,4.22,16.06,1.47,5
T-0570,image_processing,8.14,59.29,2.71,3
T-0571,anomaly_detection,6.56,21.36,2.07,4
T-0572,object_tracking,4.08,23.36,1.4,2
T-0573,anomaly_detection,5.19,20.73,1.71,4
T-0574,path_planning,2.06,5.02,0.98,5
T-0575,path_planning,2.19,3.51,1.12,1
T-0576,path_planning,2.26,7.12,0.95,5
T-0577,image_processing,8.33,45.18,3.31,1
T-0578,path_planning,3.8,5.22,0.85,5
T-0579,anomaly_detection,4.37,34.13,1.54,4
T-0580,terrain_mapping,11.29,71.85,4.04,2
T-0581,path_planning,2.71,7.54,0.91,5
T-0582,path_planning,2.07,6.1,0.9,5
T-0583,terrain_mapping,11.53,74.37,4.13,2
T-0584,terrain_mapping,8.8,86.54,4.79,2
T-0585,object_tracking,5.59,24.89,1.67,5
T-0586,object_tracking,5.56,18.44,1.54,5
T-0587,anomaly_detection,4.54,24.78,1.65,4
T-0588,anomaly_detection,4.18,34.87,1.87,4
T-0589,path_planning,3.95,3.5,1.06,5
T-0590,image_processing,9.06,58.96,3.08,3
T-0591,terrain_mapping,9.42,85.18,5.27,2
T-0592,object_tracking,4.64,22.38,1.42,5
T-0593,anomaly_detection,6.84,28.45,1.89,4
T-0594,terrain_mapping,10.17,65.27,4.06,5
T-0595,path_planning,2.04,5.39,0.93,5
T-0596,path_planning,2.68,3.89,1.12,5
T-0597,image_processing,6.09,51.73,3.42,3
T-0598,object_tracking,5.72,24.61,1.42,5
T-0599,terrain_mapping,10.34,70.1,4.48,2
T-0600,terrain_mapping,11.17,88.82,4.97,2
T-0601,object_tracking,5.39,24.29,1.67,5
T-0602,object_tracking,5.63,18.78,1.64,5
T-0603,path_planning,3.46,7.74,1.18,5
T-0604,object_tracking,4.06,21.02,1.75,5
T-0605,path_planning,3.28,3.52,1.0,5
T-0606,image_processing,6.95,59.65,2.67,3
T-0607,image_processing,9.29,53.4,3.23,3
T-0608,image_processing,7.06,44.99,2.57,3
T-0609,image_processing,8.88,40.96,2.94,3
T-0610,path_planning,3.77,5.47,0.95,5
T-0611,image_processing,9.32,55.77,3.08,3
T-0612,path_planning,2.33,3.37,1.14,5
T-0613,anomaly_detection,4.78,21.57,1.74,4
T-0614,path_planning,3.46,5.74,1.16,5
T-0615,object_tracking,5.79,22.05,1.46,5
T-0616,object_tracking,5.78,16.57,1.26,5
T-0617,path_planning,2.82,5.77,1.17,5
T-0618,anomaly_detection,4.89,21.44,1.78,4
T-0619,terrain_mapping,8.61,70.82,4.64,2
T-0620,object_tracking,4.96,15.97,1.32,5
T-0621,image_processing,7.89,42.31,3.28,3
T-0622,anomaly_detection,4.27,28.16,1.63,4
T-0623,anomaly_detection,4.56,20.67,1.81,4
T-0624,anomaly_detection,5.69,22.27,1.99,3
T-0625,object_tracking,4.83,22.56,1.34,4
T-0626,object_tracking,4.84,20.36,1.72,5
T-0627,path_planning,2.95,3.39,1.16,5
T-0628,object_tracking,5.14,20.17,1.54,5
T-0629,path_planning,2.24,6.79,0.87,5
T-0630,path_planning,3.62,3.63,0.97,5
T-0631,terrain_mapping,8.81,84.68,4.22,2
T-0632,anomaly_detection,6.73,33.71,1.55,4
T-0633,terrain_mapping,10.21,85.7,4.78,2
T-0634,image_processing,9.15,52.46,3.02,3
T-0635,terrain_mapping,8.6,77.0,4.87,2
T-0636,image_processing,9.7,51.25,2.6,3
T-0637,object_tracking,5.76,23.78,1.36,5
T-0638,object_tracking,5.22,15.37,1.37,5
T-0639,terrain_mapping,8.16,86.69,4.5,2
T-0640,terrain_mapping,11.68,86.91,4.03,2
T-0641,anomaly_detection,4.93,32.64,2.1,4
T-0642,path_planning,2.27,7.87,0.98,5
T-0643,anomaly_detection,6.19,29.07,1.56,4
T-0644,terrain_mapping,10.96,82.78,5.3,2
T-0645,object_tracking,5.58,15.66,1.63,5
T-0646,object_tracking,5.76,15.29,1.32,5
T-0647,image_processing,7.0,49.13,3.42,3
T-0648,anomaly_detection,5.11,26.96,1.78,4
T-0649,image_processing,6.97,49.78,2.95,3
T-0650,terrain_mapping,10.35,70.49,4.25,2
T-0651,image_processing,7.14,47.73,2.66,3
T-0652,path_planning,3.71,6.24,1.07,5
T-0653,terrain_mapping,10.05,85.94,5.45,2
T-0654,terrain_mapping,11.65,79.42,4.9,3
T-0655,object_tracking,5.61,18.05,1.78,5
T-0656,terrain_mapping,11.58,85.55,4.69,2
T-0657,anomaly_detection,6.03,32.36,1.78,5
T-0658,anomaly_detection,5.68,28.91,1.7,4
T-0659,terrain_mapping,8.26,89.65,4.96,2
T-0660,anomaly_detection,5.97,34.28,1.96,4
T-0661,object_tracking,5.53,24.0,1.68,5
T-0662,object_tracking,4.81,18.2,1.28,4
T-0663,anomaly_detection,4.78,26.28,1.77,5
T-0664,path_planning,2.69,6.57,1.07,5
T-0665,terrain_mapping,11.63,80.16,4.76,2
T-0666,object_tracking,4.36,15.98,1.28,5
T-0667,object_tracking,5.53,16.83,1.61,5
T-0668,image_processing,6.89,44.47,3.37,3
T-0669,anomaly_detection,5.12,28.78,1.82,1
T-0670,object_tracking,5.16,21.21,1.48,5
T-0671,image_processing,9.47,47.63,2.8,2
T-0672,path_planning,3.98,4.71,1.19,5
T-0673,terrain_mapping,8.57,85.87,4.27,3
T-0674,path_planning,2.63,3.29,0.98,5
T-0675,path_planning,3.15,3.79,1.11,5
T-0676,path_planning,3.23,6.17,0.96,5
T-0677,terrain_mapping,8.02,76.01,5.1,2
T-0678,anomaly_detection,6.27,27.97,1.51,2
T-0679,path_planning,3.39,4.72,0.85,5
T-0680,object_tracking,4.61,15.65,1.23,5
T-0681,terrain_mapping,10.91,77.89,4.51,2
T-0682,path_planning,2.69,7.51,0.94,5
T-0683,terrain_mapping,8.08,66.73,5.48,2
T-0684,image_processing,8.36,43.38,2.87,3
T-0685,image_processing,7.5,52.81,3.27,3
T-0686,object_tracking,5.99,21.62,1.59,1
T-0687,terrain_mapping,9.78,63.71,4.38,2
T-0688,path_planning,3.39,6.15,0.92,5
T-0689,object_tracking,4.54,21.06,1.28,5
T-0690,image_processing,8.05,52.35,2.78,3
T-0691,terrain_mapping,8.79,65.99,4.39,2
T-0692,path_planning,2.72,5.05,0.86,5
T-0693,path_planning,3.38,5.4,0.89,1
T-0694,image_processing,9.34,53.38,2.65,5
T-0695,image_processing,8.89,42.03,2.76,3
T-0696,anomaly_detection,4.79,20.75,2.07,4
T-0697,anomaly_detection,5.08,30.15,1.8,1
T-0698,image_processing,9.41,53.27,2.67,3
T-0699,terrain_mapping,11.82,68.05,5.1,2
T-0700,anomaly_detection,4.55,26.01,2.17,4
T-0701,terrain_mapping,10.76,74.35,4.63,2
T-0702,path_planning,2.23,6.48,0.82,5
T-0703,path_planning,2.21,7.56,0.99,5
T-0704,terrain_mapping,8.73,71.39,4.54,2
T-0705,terrain_mapping,11.68,63.39,4.62,3
T-0706,anomaly_detection,4.04,33.02,1.87,4
T-0707,object_tracking,4.45,24.56,1.72,5
T-0708,object_tracking,4.19,21.62,1.35,5
T-0709,terrain_mapping,8.59,84.79,5.34,2
T-0710,image_processing,8.57,43.14,3.35,3
T-0711,path_planning,2.15,5.46,0.9,5
T-0712,image_processing,8.03,51.01,2.88,3
T-0713,image_processing,7.84,56.03,2.95,3
T-0714,terrain_mapping,9.26,89.42,5.12,4
T-0715,terrain_mapping,8.14,76.47,5.24,2
T-0716,object_tracking,5.28,23.9,1.54,5
T-0717,terrain_mapping,11.8,70.9,4.08,2
T-0718,terrain_mapping,9.33,83.02,4.9,2
T-0719,anomaly_detection,6.15,21.71,2.03,4
T-0720,anomaly_detection,5.07,29.5,2.06,4
T-0721,anomaly_detection,6.11,20.69,1.61,4
T-0722,image_processing,7.02,43.92,2.62,3
T-0723,path_planning,2.91,6.91,1.09,4
T-0724,image_processing,9.71,56.75,3.09,3
T-0725,terrain_mapping,9.83,77.68,4.76,2
T-0726,image_processing,8.12,40.97,3.44,3
T-0727,terrain_mapping,11.7,83.43,5.37,2
T-0728,path_planning,3.46,3.64,0.95,5
T-0729,anomaly_detection,5.51,25.77,2.19,4
T-0730,path_planning,2.55,7.82,1.19,5
T-0731,path_planning,2.28,6.01,1.15,5
T-0732,object_tracking,5.72,22.12,1.76,5
T-0733,path_planning,2.42,6.57,1.07,5
T-0734,path_planning,3.96,6.25,1.18,5
T-0735,anomaly_detection,6.13,31.41,1.89,4
T-0736,terrain_mapping,10.7,86.82,4.8,2
T-0737,terrain_mapping,11.23,75.68,4.04,1
T-0738,path_planning,2.53,6.93,1.19,5
T-0739,path_planning,3.68,6.45,0.92,5
T-0740,image_processing,7.43,49.05,3.12,3
T-0741,object_tracking,5.73,22.42,1.54,5
T-0742,anomaly_detection,6.08,20.7,1.77,4
T-0743,anomaly_detection,6.9,20.81,2.02,4
T-0744,terrain_mapping,11.32,87.34,5.06,2
T-0745,object_tracking,5.09,21.03,1.67,5
T-0746,anomaly_detection,5.35,34.75,1.55,4
T-0747,object_tracking,4.24,15.41,1.37,5
T-0748,path_planning,3.17,4.28,0.93,5
T-0749,path_planning,2.08,7.64,1.04,5
T-0750,object_tracking,5.69,18.01,1.67,5
T-0751,image_processing,9.14,46.36,2.72,3
T-0752,image_processing,9.15,43.19,3.04,3
T-0753,anomaly_detection,4.66,23.2,1.73,4
T-0754,path_planning,3.9,6.09,0.99,5
T-0755,image_processing,6.46,46.92,2.74,3
T-0756,object_tracking,4.49,15.4,1.73,5
T-0757,image_processing,7.54,50.8,2.78,3
T-0758,anomaly_detection,5.54,27.63,1.84,4
T-0759,path_planning,2.64,3.41,0.84,5
T-0760,object_tracking,5.07,21.27,1.33,5
T-0761,path_planning,3.73,5.12,0.84,5
T-0762,terrain_mapping,10.59,88.19,5.12,2
T-0763,terrain_mapping,10.87,61.14,4.11,2
T-0764,anomaly_detection,5.67,28.62,1.66,4
T-0765,terrain_mapping,9.8,72.13,4.47,2
T-0766,image_processing,8.14,52.83,3.12,3
T-0767,object_tracking,4.09,23.48,1.41,5
T-0768,anomaly_detection,6.36,24.52,1.56,4
T-0769,terrain_mapping,9.53,84.66,4.05,2
T-0770,path_planning,2.27,4.95,1.12,5
T-0771,path_planning,2.6,7.43,1.19,5
T-0772,anomaly_detection,6.87,20.17,2.11,1
T-0773,image_processing,8.29,47.88,3.05,2
T-0774,anomaly_detection,4.64,33.58,2.1,2
T-0775,path_planning,3.23,4.26,0.85,5
T-0776,object_tracking,5.7,23.51,1.76,5
T-0777,terrain_mapping,10.58,62.19,5.01,2
T-0778,path_planning,3.45,5.44,0.93,2
T-0779,image_processing,7.14,41.4,2.69,3
T-0780,anomaly_detection,5.85,24.59,1.91,4
T-0781,anomaly_detection,6.42,34.38,1.62,4
T-0782,path_planning,3.42,6.2,0.91,5
T-0783,anomaly_detection,6.63,26.94,1.75,4
T-0784,object_tracking,4.22,21.46,1.25,5
T-0785,path_planning,3.78,3.98,1.09,5
T-0786,image_processing,9.57,56.99,3.13,3
T-0787,object_tracking,4.81,20.9,1.74,5
T-0788,object_tracking,5.79,20.4,1.59,4
T-0789,path_planning,3.78,5.95,1.14,5
T-0790,object_tracking,4.18,18.64,1.21,5
T-0791,object_tracking,5.37,22.57,1.28,5
T-0792,object_tracking,5.9,21.59,1.78,5
T-0793,terrain_mapping,11.76,61.21,5.14,2
T-0794,anomaly_detection,5.11,20.64,1.64,4
T-0795,anomaly_detection,5.16,33.77,2.12,3
T-0796,image_processing,8.81,50.43,3.33,3
T-0797,anomaly_detection,5.74,28.55,1.76,4
T-0798,object_tracking,5.31,23.35,1.51,5
T-0799,path_planning,3.03,4.76,1.15,5
T-0800,terrain_mapping,11.55,60.2,5.32,2
T-0801,path_planning,2.15,6.22,0.88,5
T-0802,anomaly_detection,5.81,32.25,1.96,4
T-0803,anomaly_detection,6.16,27.22,1.84,4
T-0804,path_planning,3.29,5.05,0.9,5
T-0805,path_planning,2.27,5.56,1.16,2
T-0806,anomaly_detection,6.77,27.75,1.78,4
T-0807,image_processing,9.51,54.56,3.32,3
T-0808,path_planning,2.9,7.96,1.15,5
T-0809,terrain_mapping,10.4,83.84,5.23,2
T-0810,object_tracking,4.53,22.24,1.41,5
T-0811,object_tracking,4.14,18.78,1.28,5
T-0812,object_tracking,5.37,23.27,1.56,5
T-0813,object_tracking,5.2,23.78,1.52,5
T-0814,image_processing,7.93,42.61,3.1,3
T-0815,terrain_mapping,10.09,71.11,4.07,2
T-0816,path_planning,3.88,5.41,1.11,5
T-0817,object_tracking,4.2,16.34,1.49,5
T-0818,image_processing,7.13,57.54,2.91,3
T-0819,image_processing,8.31,42.36,2.51,3
T-0820,anomaly_detection,5.23,21.6,1.8,4
T-0821,anomaly_detection,6.56,26.35,1.76,4
T-0822,terrain_mapping,11.02,72.4,5.18,2
T-0823,anomaly_detection,5.68,27.26,2.19,4
T-0824,terrain_mapping,10.94,85.65,4.99,2
T-0825,terrain_mapping,11.13,88.48,4.15,2
T-0826,anomaly_detection,6.4,29.21,1.98,4
T-0827,image_processing,9.22,56.47,2.97,3
T-0828,image_processing,6.26,44.44,2.58,4
T-0829,terrain_mapping,10.46,75.63,5.07,2
T-0830,path_planning,3.28,5.19,0.88,5
T-0831,object_tracking,4.57,15.34,1.56,5
T-0832,path_planning,3.23,6.37,0.94,5
T-0833,path_planning,2.17,4.38,0.96,5
T-0834,terrain_mapping,10.34,75.53,5.11,1
T-0835,object_tracking,4.57,23.3,1.75,5
T-0836,anomaly_detection,4.68,34.45,1.82,4
T-0837,image_processing,7.04,48.14,2.61,3
T-0838,anomaly_detection,6.84,32.04,2.17,4
T-0839,object_tracking,4.5,19.43,1.43,5
T-0840,path_planning,3.51,7.81,0.98,5
T-0841,object_tracking,5.72,19.82,1.35,5
T-0842,path_planning,3.35,4.15,0.93,5
T-0843,object_tracking,5.07,22.01,1.36,5
T-0844,terrain_mapping,10.69,84.63,4.11,2
T-0845,terrain_mapping,9.26,66.56,4.86,2
T-0846,path_planning,3.0,4.0,1.09,5
T-0847,path_planning,2.46,7.17,1.13,5
T-0848,image_processing,6.48,41.57,3.46,3
T-0849,image_processing,9.06,50.83,2.54,3
T-0850,object_tracking,4.63,23.98,1.73,5
T-0851,anomaly_detection,5.47,34.77,2.14,4
T-0852,path_planning,3.5,3.64,1.01,5
T-0853,object_tracking,4.07,18.47,1.72,5
T-0854,terrain_mapping,11.91,80.95,4.69,2
T-0855,image_processing,8.7,47.59,2.6,3
T-0856,anomaly_detection,4.56,23.94,1.69,4
T-0857,anomaly_detection,5.1,27.48,1.65,4
T-0858,anomaly_detection,5.1,26.01,1.82,4
T-0859,object_tracking,5.37,23.14,1.63,5
T-0860,object_tracking,4.86,18.81,1.29,5
T-0861,path_planning,2.95,3.05,0.97,5
T-0862,object_tracking,5.44,22.85,1.38,5
T-0863,object_tracking,4.1,15.99,1.3,5
T-0864,anomaly_detection,5.43,29.45,1.81,4
T-0865,anomaly_detection,5.08,28.36,2.07,4
T-0866,terrain_mapping,8.48,86.02,5.44,2
T-0867,object_tracking,5.3,20.38,1.79,5
T-0868,anomaly_detection,6.02,27.31,2.02,4
T-0869,terrain_mapping,10.45,73.91,5.43,2
T-0870,anomaly_detection,5.27,29.18,1.78,4
T-0871,image_processing,6.65,44.56,2.82,3
T-0872,anomaly_detection,5.82,25.93,2.12,4
T-0873,anomaly_detection,6.24,27.81,1.82,4
T-0874,image_processing,6.5,44.69,2.75,3
T-0875,image_processing,6.84,47.94,2.6,3
T-0876,terrain_mapping,10.19,60.79,4.6,2
T-0877,image_processing,6.42,52.36,2.58,3
T-0878,terrain_mapping,9.24,67.42,4.43,2
T-0879,path_planning,3.05,3.85,0.81,5
T-0880,anomaly_detection,6.59,27.01,2.11,4
T-0881,object_tracking,4.89,24.7,1.62,5
T-0882,object_tracking,4.91,22.49,1.73,5
T-0883,object_tracking,4.62,18.47,1.52,5
T-0884,terrain_mapping,9.23,72.37,4.23,5
T-0885,path_planning,2.69,5.35,0.8,5
T-0886,terrain_mapping,9.2,82.98,5.2,2
T-0887,image_processing,8.19,43.77,3.38,3
T-0888,path_planning,2.33,6.69,0.96,5
T-0889,anomaly_detection,4.24,29.38,1.86,4
T-0890,object_tracking,5.62,21.85,1.37,5
T-0891,anomaly_detection,5.24,32.8,1.63,4
T-0892,terrain_mapping,10.47,68.16,4.93,2
T-0893,image_processing,6.61,59.39,2.52,3
T-0894,anomaly_detection,4.81,30.73,2.01,4
T-0895,path_planning,2.03,4.09,0.97,5
T-0896,terrain_mapping,11.99,73.91,5.19,2
T-0897,path_planning,2.11,6.88,0.83,5
T-0898,path_planning,3.79,4.25,0.95,2
T-0899,terrain_mapping,11.08,73.29,5.11,4
T-0900,image_processing,8.08,59.64,2.97,3
T-0901,anomaly_detection,6.81,22.38,2.01,4
T-0902,object_tracking,5.04,17.53,1.58,5
T-0903,image_processing,9.45,44.36,2.61,3
T-0904,anomaly_detection,4.05,31.92,1.91,4
T-0905,path_planning,2.02,3.21,1.11,5
T-0906,object_tracking,4.31,22.71,1.35,5
T-0907,object_tracking,4.68,24.7,1.66,3
T-0908,path_planning,3.4,6.96,0.85,5
T-0909,object_tracking,5.58,22.57,1.68,5
T-0910,path_planning,2.04,4.89,1.09,5
T-0911,image_processing,7.94,48.75,2.79,3
T-0912,path_planning,3.13,5.72,0.93,5
T-0913,object_tracking,5.83,20.55,1.24,5
T-0914,anomaly_detection,6.46,28.12,1.82,4
T-0915,object_tracking,4.76,16.86,1.21,5
T-0916,object_tracking,4.48,22.21,1.59,5
T-0917,terrain_mapping,8.76,80.5,5.15,2
T-0918,anomaly_detection,4.97,29.61,1.58,4
T-0919,image_processing,6.18,58.76,2.68,1
T-0920,terrain_mapping,8.77,60.95,4.96,2
T-0921,terrain_mapping,10.1,81.04,4.38,2
T-0922,object_tracking,5.44,15.13,1.75,5
T-0923,image_processing,7.87,52.78,2.86,3
T-0924,terrain_mapping,11.29,83.83,4.09,2
T-0925,object_tracking,4.08,15.7,1.38,5
T-0926,object_tracking,4.19,22.25,1.52,5
T-0927,object_tracking,5.31,20.7,1.77,5
T-0928,object_tracking,4.83,16.06,1.58,5
T-0929,terrain_mapping,10.81,72.81,4.16,2
T-0930,object_tracking,4.8,18.38,1.29,5
T-0931,terrain_mapping,11.73,87.07,4.83,2
T-0932,anomaly_detection,5.24,29.5,2.08,4
T-0933,path_planning,3.13,4.07,1.11,5
T-0934,anomaly_detection,5.08,26.79,2.17,1
T-0935,anomaly_detection,5.79,27.76,2.2,4
T-0936,anomaly_detection,6.95,23.22,1.72,4
T-0937,anomaly_detection,6.76,27.67,1.9,4
T-0938,image_processing,6.15,47.11,2.64,3
T-0939,object_tracking,4.5,17.56,1.38,5
T-0940,object_tracking,5.84,22.34,1.63,5
T-0941,path_planning,2.98,7.5,1.08,5
T-0942,image_processing,8.38,46.01,3.23,3
T-0943,image_processing,9.12,58.44,2.83,3
T-0944,terrain_mapping,9.67,86.03,5.3,2
T-0945,object_tracking,5.86,21.34,1.58,5
T-0946,image_processing,7.28,51.3,2.83,3
T-0947,path_planning,2.1,6.66,0.96,5
T-0948,object_tracking,5.15,15.9,1.46,5
T-0949,path_planning,2.26,3.41,1.03,4
T-0950,anomaly_detection,4.26,27.53,2.04,2
T-0951,terrain_mapping,10.24,74.64,4.98,2
T-0952,object_tracking,5.99,20.24,1.35,5
T-0953,terrain_mapping,9.29,87.72,4.13,2
T-0954,terrain_mapping,9.46,65.71,4.52,2
T-0955,anomaly_detection,4.51,25.25,2.08,4
T-0956,object_tracking,4.29,15.45,1.69,5
T-0957,anomaly_detection,4.47,30.93,1.56,4
T-0958,path_planning,3.9,7.63,1.15,5
T-0959,image_processing,7.37,56.09,2.81,3
T-0960,anomaly_detection,4.63,28.07,1.64,4
T-0961,anomaly_detection,5.65,29.35,2.19,4
T-0962,image_processing,7.51,58.12,3.03,3
T-0963,image_processing,7.14,55.78,3.12,1
T-0964,image_processing,7.55,45.43,3.35,3
T-0965,image_processing,6.08,57.35,3.15,3
T-0966,terrain_mapping,10.03,81.29,5.36,2
T-0967,object_tracking,5.06,16.86,1.5,5
T-0968,image_processing,6.16,58.45,2.8,3
T-0969,path_planning,2.04,6.42,0.94,5
T-0970,object_tracking,4.55,15.62,1.35,5
T-0971,image_processing,9.78,58.98,2.73,3
T-0972,terrain_mapping,10.63,62.63,4.57,2
T-0973,object_tracking,5.75,21.87,1.45,5
T-0974,terrain_mapping,11.88,87.29,4.49,2
T-0975,path_planning,3.3,5.91,1.07,5
T-0976,path_planning,2.62,6.53,1.01,2
T-0977,object_tracking,5.83,18.17,1.53,5
T-0978,image_processing,6.74,56.79,2.65,3
T-0979,terrain_mapping,11.84,69.1,5.12,2
T-0980,anomaly_detection,4.46,22.82,1.59,5
T-0981,object_tracking,4.53,20.67,1.34,5
T-0982,image_processing,7.44,53.76,2.98,3
T-0983,object_tracking,4.94,21.5,1.31,5
T-0984,terrain_mapping,8.55,65.8,4.05,2
T-0985,image_processing,9.7,59.0,2.72,3
T-0986,path_planning,3.52,3.33,1.17,5
T-0987,object_tracking,4.98,18.25,1.47,5
T-0988,terrain_mapping,11.1,78.24,5.24,2
T-0989,terrain_mapping,10.45,82.27,4.89,2
T-0990,image_processing,8.08,49.03,3.33,2
T-0991,object_tracking,5.08,24.84,1.22,5
T-0992,image_processing,6.76,48.79,3.38,3
T-0993,anomaly_detection,5.38,26.34,1.93,5
T-0994,path_planning,2.93,6.23,0.84,5
T-0995,path_planning,3.56,7.69,1.08,4
T-0996,anomaly_detection,5.35,22.68,1.91,4
T-0997,path_planning,3.77,3.45,0.93,5
T-0998,path_planning,3.44,3.62,0.85,5
T-0999,anomaly_detection,4.26,30.61,2.01,4
T-1000,object_tracking,5.9,18.79,1.43,5
T-1001,anomaly_detection,5.7,29.89,1.61,4
T-1002,path_planning,3.54,3.26,0.92,5
T-1003,terrain_mapping,9.16,65.42,5.35,2
T-1004,image_processing,8.49,45.06,2.96,3
T-1005,object_tracking,5.61,21.08,1.5,5
T-1006,terrain_mapping,9.81,73.26,4.9,5
T-1007,anomaly_detection,5.86,28.36,2.08,2
T-1008,image_processing,8.61,40.73,3.35,3
T-1009,object_tracking,4.6,24.2,1.23,5
T-1010,path_planning,2.32,4.42,1.06,5
T-1011,object_tracking,5.57,16.77,1.47,5
T-1012,image_processing,6.37,45.99,2.87,3
T-1013,image_processing,9.03,56.87,2.56,3
T-1014,image_processing,8.78,45.49,3.03,3
T-1015,path_planning,3.22,3.55,1.09,5
T-1016,image_processing,7.93,53.77,3.43,3
T-1017,anomaly_detection,5.28,32.72,1.68,4
T-1018,object_tracking,4.71,16.3,1.54,5
T-1019,terrain_mapping,9.97,65.4,4.91,2
T-1020,path_planning,2.0,3.12,1.05,2
T-1021,object_tracking,6.0,19.14,1.4,5
T-1022,path_planning,2.02,4.01,0.91,5
T-1023,anomaly_detection,4.9,28.25,2.04,3
T-1024,anomaly_detection,5.19,28.53,2.17,4
T-1025,path_planning,2.66,4.69,1.07,5
T-1026,image_processing,8.58,49.63,3.13,3
T-1027,object_tracking,5.79,19.62,1.69,5
T-1028,image_processing,9.34,45.99,3.22,3
T-1029,object_tracking,4.04,20.77,1.4,5
T-1030,anomaly_detection,4.2,22.24,2.09,4
T-1031,terrain_mapping,10.51,85.27,4.86,2
T-1032,object_tracking,4.23,22.82,1.38,5
T-1033,image_processing,7.09,41.74,3.38,3
T-1034,anomaly_detection,4.65,24.53,1.58,4
T-1035,path_planning,3.83,5.22,0.81,5
T-1036,object_tracking,4.31,18.4,1.49,5
T-1037,anomaly_detection,6.33,22.15,2.11,4
T-1038,object_tracking,5.35,16.33,1.63,5
T-1039,object_tracking,4.23,18.11,1.23,5
T-1040,image_processing,7.33,57.78,2.6,3
T-1041,anomaly_detection,4.07,31.38,1.95,4
T-1042,path_planning,2.39,4.38,0.93,5
T-1043,image_processing,7.09,43.15,2.61,3
T-1044,object_tracking,5.03,17.07,1.41,5
T-1045,path_planning,3.89,7.02,1.03,5
T-1046,anomaly_detection,5.84,25.08,1.81,4
T-1047,image_processing,6.42,41.08,2.93,3
T-1048,object_tracking,5.78,21.29,1.61,5
T-1049,anomaly_detection,4.94,32.26,2.0,4
T-1050,object_tracking,4.16,24.23,1.66,5
T-1051,image_processing,9.25,58.39,2.97,3
T-1052,terrain_mapping,9.88,88.42,4.22,2
T-1053,anomaly_detection,6.74,25.88,1.99,4
T-1054,anomaly_detection,5.36,20.45,1.83,4
T-1055,terrain_mapping,11.38,68.47,4.52,2
T-1056,object_tracking,4.21,23.18,1.68,5
T-1057,image_processing,9.17,50.65,2.9,3
T-1058,object_tracking,4.49,16.59,1.49,2
T-1059,object_tracking,4.86,24.8,1.54,5
T-1060,path_planning,2.35,6.35,1.1,5
T-1061,terrain_mapping,8.46,77.88,4.49,4
T-1062,path_planning,2.62,5.03,1.04,5
T-1063,object_tracking,5.54,18.79,1.5,5
T-1064,image_processing,6.87,42.78,3.08,3
T-1065,image_processing,9.03,53.22,2.95,3
T-1066,object_tracking,5.16,16.96,1.61,5
T-1067,object_tracking,5.59,21.8,1.75,5
T-1068,anomaly_detection,6.97,28.74,1.93,4
T-1069,path_planning,3.71,3.31,1.16,5
T-1070,image_processing,8.81,56.42,2.86,3
T-1071,image_processing,6.94,54.04,2.89,3
T-1072,terrain_mapping,9.62,73.06,4.32,2
T-1073,path_planning,2.38,4.92,1.17,5
T-1074,path_planning,2.58,7.36,0.85,1
T-1075,path_planning,3.44,5.43,0.97,5
T-1076,image_processing,6.55,56.12,3.36,3
T-1077,object_tracking,5.86,21.23,1.47,5
T-1078,terrain_mapping,9.54,66.77,4.64,4
T-1079,path_planning,3.42,4.35,1.17,5
T-1080,image_processing,9.91,51.36,3.2,4
T-1081,image_processing,6.57,54.63,3.48,3
T-1082,anomaly_detection,5.39,21.17,2.12,4
T-1083,image_processing,8.74,50.78,3.08,3
T-1084,anomaly_detection,5.61,20.16,1.82,4
T-1085,object_tracking,5.47,19.21,1.78,5
T-1086,anomaly_detection,4.5,30.43,1.92,4
T-1087,object_tracking,4.52,21.29,1.55,5
T-1088,anomaly_detection,6.43,29.36,1.7,5
T-1089,image_processing,9.41,45.56,2.63,3
T-1090,anomaly_detection,4.04,21.67,1.62,4
T-1091,path_planning,3.32,4.85,0.87,5
T-1092,path_planning,2.97,7.0,1.14,5
T-1093,image_processing,9.87,51.91,3.32,3
T-1094,terrain_mapping,11.08,67.14,4.66,2
T-1095,path_planning,3.16,7.21,0.82,5
T-1096,image_processing,6.21,49.28,2.98,3
T-1097,object_tracking,4.47,21.84,1.43,5
T-1098,object_tracking,5.74,15.12,1.76,5
T-1099,anomaly_detection,6.89,30.24,1.53,4
T-1100,anomaly_detection,6.87,26.48,2.14,4
T-1101,anomaly_detection,4.81,32.03,1.68,4
T-1102,terrain_mapping,11.09,82.47,5.1,2
T-1103,path_planning,3.04,6.39,1.2,5
T-1104,image_processing,8.69,56.63,2.51,1
T-1105,terrain_mapping,9.41,81.76,4.38,5
T-1106,image_processing,6.23,51.88,3.39,3
T-1107,object_tracking,5.28,22.08,1.27,5
T-1108,path_planning,2.75,6.82,1.06,5
T-1109,path_planning,3.79,6.48,0.9,5
T-1110,image_processing,8.56,58.45,2.78,3
T-1111,anomaly_detection,4.77,31.71,1.69,4
T-1112,anomaly_detection,6.99,23.87,2.07,4
T-1113,image_processing,7.97,58.57,3.11,3
T-1114,terrain_mapping,8.43,76.22,4.65,2
T-1115,image_processing,9.65,54.31,2.6,5
T-1116,anomaly_detection,6.33,20.28,1.85,4
T-1117,image_processing,9.73,53.29,2.77,3
T-1118,terrain_mapping,10.3,75.46,5.41,2
T-1119,terrain_mapping,9.62,81.83,5.22,2
T-1120,image_processing,7.54,53.79,3.28,5
T-1121,anomaly_detection,5.0,24.54,1.54,4
T-1122,image_processing,7.46,57.07,2.84,3
T-1123,anomaly_detection,5.94,22.65,1.53,4
T-1124,path_planning,2.6,4.95,0.84,5
T-1125,terrain_mapping,8.34,78.98,5.1,2
T-1126,image_processing,8.88,51.86,2.99,5
T-1127,anomaly_detection,5.5,34.47,2.07,4
T-1128,image_processing,6.15,41.12,3.29,1
T-1129,path_planning,3.61,6.34,0.98,5
T-1130,object_tracking,4.3,20.79,1.75,2
T-1131,terrain_mapping,10.62,74.14,5.38,2
T-1132,image_processing,6.69,41.0,2.81,3
T-1133,terrain_mapping,10.44,85.06,4.1,2
T-1134,image_processing,7.99,55.98,2.72,3
T-1135,terrain_mapping,9.35,85.08,5.11,2
T-1136,image_processing,9.9,51.52,2.64,3
T-1137,path_planning,3.53,5.97,0.93,2
T-1138,terrain_mapping,8.67,71.1,4.25,2
T-1139,object_tracking,4.08,16.0,1.71,5
T-1140,path_planning,2.03,5.43,0.8,5
T-1141,image_processing,8.83,51.87,2.78,3
T-1142,terrain_mapping,10.77,66.18,4.96,2
T-1143,terrain_mapping,8.96,65.24,5.04,2
T-1144,terrain_mapping,10.45,62.64,5.24,2
T-1145,terrain_mapping,8.02,67.07,4.18,2
T-1146,image_processing,8.48,57.25,3.49,3
T-1147,terrain_mapping,11.08,79.78,4.41,2
T-1148,path_planning,3.37,7.84,0.99,5
T-1149,image_processing,6.22,47.28,2.71,3
T-1150,object_tracking,5.61,22.58,1.23,5
T-1151,object_tracking,4.35,22.85,1.49,2
T-1152,terrain_mapping,10.37,69.78,4.3,2
T-1153,anomaly_detection,4.69,21.65,1.66,4
T-1154,terrain_mapping,11.48,71.27,4.33,2
T-1155,terrain_mapping,8.22,73.08,4.32,2
T-1156,path_planning,2.77,3.68,1.09,5
T-1157,anomaly_detection,4.61,21.91,1.98,2
T-1158,image_processing,9.41,49.17,2.67,3
T-1159,anomaly_detection,5.81,31.84,1.95,4
T-1160,path_planning,3.16,5.76,0.89,5
T-1161,object_tracking,4.98,24.96,1.55,5
T-1162,anomaly_detection,4.04,26.42,2.11,4
T-1163,terrain_mapping,10.32,86.75,4.89,5
T-1164,image_processing,7.67,40.88,3.49,3
T-1165,object_tracking,4.07,20.31,1.49,5
T-1166,image_processing,7.81,44.81,3.06,4
T-1167,path_planning,2.27,4.48,1.06,4
T-1168,anomaly_detection,4.49,26.89,1.9,4
T-1169,terrain_mapping,9.86,64.16,5.05,2
T-1170,anomaly_detection,5.88,30.56,1.5,4
T-1171,terrain_mapping,11.57,69.99,4.05,2
T-1172,anomaly_detection,6.09,29.19,1.9,4
T-1173,image_processing,8.48,46.71,3.43,3
T-1174,anomaly_detection,6.66,21.66,1.76,4
T-1175,anomaly_detection,5.1,29.72,1.99,4
T-1176,path_planning,2.28,4.67,1.02,5
T-1177,object_tracking,5.74,22.03,1.65,5
T-1178,anomaly_detection,5.06,24.01,1.98,4
T-1179,image_processing,7.49,49.05,3.0,3
T-1180,terrain_mapping,10.84,80.35,4.8,2
T-1181,object_tracking,4.74,21.73,1.62,5
T-1182,image_processing,6.75,57.68,2.59,3
T-1183,path_planning,2.58,7.78,0.84,5
T-1184,path_planning,2.99,7.37,1.01,5
T-1185,anomaly_detection,5.25,30.24,2.15,4
T-1186,terrain_mapping,9.78,79.34,4.44,2
T-1187,object_tracking,5.29,19.12,1.41,5
T-1188,anomaly_detection,5.46,29.99,1.87,4
T-1189,terrain_mapping,9.22,63.96,5.18,2
T-1190,anomaly_detection,4.68,25.58,1.7,4
T-1191,path_planning,2.71,5.28,0.87,5
T-1192,object_tracking,4.57,24.73,1.7,5
T-1193,path_planning,2.32,3.58,1.2,5
T-1194,terrain_mapping,9.04,65.53,4.84,3
T-1195,anomaly_detection,4.44,26.73,2.18,4
T-1196,image_processing,9.68,48.09,3.0,4
T-1197,anomaly_detection,4.47,34.55,1.88,4
T-1198,anomaly_detection,5.42,24.35,2.16,4
T-1199,object_tracking,5.33,23.0,1.64,5
T-1200,anomaly_detection,6.07,30.97,2.13,5
T-1201,image_processing,7.23,48.03,3.34,3
T-1202,image_processing,7.31,52.16,2.7,3
T-1203,anomaly_detection,4.59,21.25,2.09,4
T-1204,image_processing,9.9,47.89,2.99,3
T-1205,object_tracking,5.89,24.08,1.42,4
T-1206,anomaly_detection,5.16,20.18,1.74,4
T-1207,terrain_mapping,11.5,62.63,5.09,2
T-1208,terrain_mapping,11.21,68.66,5.21,2
T-1209,terrain_mapping,10.91,72.43,5.25,2
T-1210,path_planning,2.42,5.37,1.15,5
T-1211,image_processing,9.73,51.81,2.88,3
T-1212,terrain_mapping,8.7,73.86,4.85,2
T-1213,path_planning,2.37,4.91,1.02,3
T-1214,object_tracking,4.61,20.59,1.48,1
T-1215,path_planning,2.53,7.78,1.13,5
T-1216,anomaly_detection,5.25,27.38,1.98,4
T-1217,image_processing,9.06,49.86,3.47,3
T-1218,anomaly_detection,5.74,28.48,2.11,4
T-1219,terrain_mapping,11.9,84.55,4.56,2
T-1220,image_processing,9.38,43.26,2.56,3
T-1221,path_planning,2.71,3.26,0.94,5
T-1222,anomaly_detection,4.15,24.37,1.95,2
T-1223,path_planning,3.53,5.99,0.87,5
T-1224,anomaly_detection,6.48,30.27,1.71,4
T-1225,anomaly_detection,4.29,28.7,2.08,5
T-1226,anomaly_detection,5.12,27.27,1.74,4
T-1227,image_processing,6.87,50.07,3.33,3
T-1228,object_tracking,5.23,23.31,1.52,5
T-1229,object_tracking,5.4,23.03,1.45,5
T-1230,image_processing,9.28,58.47,2.98,3
T-1231,anomaly_detection,4.42,26.63,2.19,4
T-1232,anomaly_detection,4.52,24.57,2.02,2
T-1233,path_planning,3.38,4.54,0.88,5
T-1234,terrain_mapping,10.76,83.52,4.12,2
T-1235,terrain_mapping,8.17,63.23,5.19,2
T-1236,image_processing,7.88,58.17,2.54,3
T-1237,image_processing,9.02,55.65,3.42,3
T-1238,path_planning,2.37,4.76,0.84,5
T-1239,anomaly_detection,6.85,25.22,1.61,4
T-1240,object_tracking,4.48,20.7,1.26,5
T-1241,image_processing,8.12,54.32,3.46,3
T-1242,object_tracking,4.01,22.25,1.75,5
T-1243,terrain_mapping,9.47,77.68,4.66,2
T-1244,path_planning,3.67,7.91,0.97,5
T-1245,terrain_mapping,8.45,89.54,4.19,2
T-1246,terrain_mapping,11.05,81.14,4.84,3
T-1247,terrain_mapping,8.46,68.51,4.9,2
T-1248,terrain_mapping,8.9,72.22,5.48,2
T-1249,image_processing,9.58,56.05,3.44,3
T-1250,image_processing,9.99,49.83,2.61,3
T-1251,image_processing,6.48,47.9,3.2,3
T-1252,path_planning,2.13,7.88,0.94,5
T-1253,terrain_mapping,8.49,85.14,5.09,2
T-1254,object_tracking,5.19,22.56,1.68,5
T-1255,anomaly_detection,5.43,29.05,1.78,4
T-1256,anomaly_detection,4.44,26.82,1.59,4
T-1257,path_planning,3.26,3.67,0.84,1
T-1258,terrain_mapping,10.71,89.16,4.57,2
T-1259,path_planning,2.61,6.12,1.1,5
T-1260,object_tracking,5.54,22.93,1.32,5
T-1261,terrain_mapping,10.02,76.27,5.21,2
T-1262,image_processing,9.81,40.63,2.93,3
T-1263,terrain_mapping,9.8,85.59,4.66,2
T-1264,object_tracking,5.32,22.79,1.73,5
T-1265,terrain_mapping,8.54,81.47,4.73,4
T-1266,object_tracking,5.37,20.72,1.49,5
T-1267,object_tracking,4.11,17.63,1.55,5
T-1268,anomaly_detection,6.3,24.27,1.54,4
T-1269,path_planning,3.67,4.74,1.1,3
T-1270,terrain_mapping,8.39,70.35,4.54,2
T-1271,path_planning,2.5,6.24,1.04,5
T-1272,image_processing,9.48,42.29,2.67,3
T-1273,image_processing,7.84,57.27,3.07,3
T-1274,anomaly_detection,4.06,27.05,1.52,4
T-1275,object_tracking,4.78,20.73,1.68,2
T-1276,anomaly_detection,5.49,32.17,1.97,4
T-1277,anomaly_detection,5.09,26.54,1.85,4
T-1278,image_processing,9.36,50.72,2.79,5
T-1279,terrain_mapping,11.22,78.74,5.44,2
T-1280,object_tracking,4.19,18.37,1.24,5
T-1281,terrain_mapping,9.71,70.42,4.11,2
T-1282,object_tracking,5.61,19.33,1.52,5
T-1283,terrain_mapping,9.01,75.46,5.01,2
T-1284,image_processing,8.51,50.32,2.69,3
T-1285,terrain_mapping,9.07,79.14,5.21,2
T-1286,terrain_mapping,11.74,81.8,4.09,2
T-1287,terrain_mapping,8.59,64.51,5.03,2
T-1288,terrain_mapping,9.64,85.81,5.37,2
T-1289,terrain_mapping,9.07,68.61,4.24,2
T-1290,path_planning,2.81,3.57,0.88,5
T-1291,anomaly_detection,5.39,28.4,1.81,4
T-1292,image_processing,6.81,45.45,2.53,3
T-1293,anomaly_detection,5.98,22.64,2.1,4
T-1294,terrain_mapping,11.13,61.66,5.34,2
T-1295,anomaly_detection,6.6,33.51,1.78,4
T-1296,image_processing,7.59,56.8,3.34,3
T-1297,object_tracking,5.47,24.33,1.51,5
T-1298,object_tracking,4.5,23.85,1.34,3
T-1299,anomaly_detection,6.5,31.06,2.06,4
T-1300,terrain_mapping,8.87,63.2,4.32,2
T-1301,terrain_mapping,9.02,77.68,4.74,2
T-1302,image_processing,7.27,48.48,3.18,3
T-1303,path_planning,2.73,6.58,1.13,5
T-1304,image_processing,9.37,53.24,3.44,3
T-1305,path_planning,2.51,4.92,1.06,5
T-1306,image_processing,8.14,44.73,2.94,4
T-1307,anomaly_detection,4.9,34.04,2.03,4
T-1308,path_planning,3.83,6.16,1.15,5
T-1309,terrain_mapping,11.16,68.22,4.12,2
T-1310,terrain_mapping,9.88,72.39,5.26,2
T-1311,image_processing,9.3,53.97,3.01,3
T-1312,object_tracking,5.46,20.48,1.4,5
T-1313,image_processing,8.57,43.67,2.94,3
T-1314,image_processing,7.6,52.57,2.81,2
T-1315,path_planning,3.03,7.85,1.13,5
T-1316,object_tracking,5.37,22.93,1.39,5
T-1317,path_planning,2.52,6.44,1.13,5
T-1318,path_planning,2.17,4.84,0.96,5
T-1319,object_tracking,4.45,24.48,1.75,5
T-1320,path_planning,3.81,7.87,0.88,5
T-1321,path_planning,2.1,6.09,1.04,3
T-1322,path_planning,3.89,3.59,1.09,5
T-1323,terrain_mapping,11.31,74.82,4.34,2
T-1324,anomaly_detection,4.86,27.41,1.59,4
T-1325,object_tracking,4.43,23.24,1.64,5
T-1326,path_planning,2.82,3.73,0.92,5
T-1327,object_tracking,4.9,17.48,1.55,5
T-1328,image_processing,6.04,42.66,2.82,3
T-1329,path_planning,3.43,6.54,1.09,5
T-1330,image_processing,8.23,41.04,3.43,3
T-1331,anomaly_detection,6.99,34.09,2.18,4
T-1332,image_processing,6.02,50.09,2.88,3
T-1333,anomaly_detection,4.4,33.38,1.53,4
T-1334,path_planning,3.01,7.65,1.15,3
T-1335,object_tracking,4.87,17.6,1.39,5
T-1336,terrain_mapping,11.49,85.04,5.12,2
T-1337,anomaly_detection,6.71,23.95,2.08,4
T-1338,object_tracking,4.63,23.93,1.39,5
T-1339,path_planning,3.11,7.61,1.05,5
T-1340,path_planning,2.3,4.15,0.81,5
T-1341,terrain_mapping,9.75,89.86,5.39,3
T-1342,object_tracking,4.97,19.93,1.71,5
T-1343,image_processing,7.4,44.07,2.78,3
T-1344,object_tracking,5.65,20.63,1.6,5
T-1345,image_processing,8.1,51.42,2.92,4
T-1346,image_processing,9.55,40.52,3.18,3
T-1347,terrain_mapping,9.49,87.87,4.16,2
T-1348,image_processing,6.32,56.61,3.16,3
T-1349,anomaly_detection,5.78,20.09,2.18,4
T-1350,terrain_mapping,9.3,81.95,5.1,2
T-1351,object_tracking,4.26,23.63,1.68,5
T-1352,image_processing,8.98,50.94,3.1,3
T-1353,path_planning,2.48,6.85,0.96,2
T-1354,path_planning,2.78,5.01,1.06,5
T-1355,path_planning,2.24,5.45,0.97,5
T-1356,anomaly_detection,6.71,29.05,1.75,3
T-1357,object_tracking,4.4,19.45,1.43,5
T-1358,object_tracking,4.85,22.56,1.69,5
T-1359,terrain_mapping,10.52,62.79,4.77,2
T-1360,path_planning,3.3,6.57,1.17,5
T-1361,object_tracking,4.17,19.68,1.25,5
T-1362,anomaly_detection,4.45,21.92,2.13,4
T-1363,object_tracking,4.86,20.69,1.53,5
T-1364,object_tracking,4.22,19.25,1.26,5
T-1365,object_tracking,5.63,18.55,1.55,5
T-1366,image_processing,6.46,53.23,2.68,3
T-1367,terrain_mapping,8.18,72.49,5.06,2
T-1368,terrain_mapping,11.03,73.5,5.21,2
T-1369,path_planning,2.42,3.39,1.19,5
T-1370,image_processing,7.74,40.36,2.89,4
T-1371,terrain_mapping,10.77,86.06,5.45,2
T-1372,terrain_mapping,9.21,84.39,4.93,2
T-1373,terrain_mapping,11.22,62.63,4.2,2
T-1374,image_processing,8.78,43.76,2.53,3
T-1375,path_planning,3.3,5.18,1.05,5
T-1376,path_planning,2.17,6.85,0.86,5
T-1377,image_processing,6.66,43.05,3.2,3
T-1378,terrain_mapping,8.08,73.49,4.36,2
T-1379,terrain_mapping,8.2,60.24,4.95,2
T-1380,terrain_mapping,11.39,82.11,4.89,2
T-1381,anomaly_detection,4.11,26.0,1.86,4
T-1382,terrain_mapping,8.93,61.82,4.03,2
T-1383,object_tracking,4.13,23.93,1.45,5
T-1384,terrain_mapping,10.49,79.39,4.67,2
T-1385,path_planning,2.58,3.96,0.94,5
T-1386,path_planning,3.18,6.42,1.17,5
T-1387,terrain_mapping,8.52,68.8,5.07,2
T-1388,anomaly_detection,6.39,32.0,2.09,4
T-1389,anomaly_detection,6.07,21.29,1.84,4
T-1390,path_planning,3.21,3.5,0.97,5
T-1391,anomaly_detection,4.7,28.35,2.2,4
T-1392,anomaly_detection,5.07,22.38,2.08,4
T-1393,image_processing,9.23,46.75,2.61,3
T-1394,object_tracking,4.45,17.58,1.4,5
T-1395,image_processing,9.08,51.14,3.4,3
T-1396,object_tracking,5.21,16.04,1.23,5
T-1397,terrain_mapping,11.85,82.67,5.46,2
T-1398,object_tracking,5.56,24.47,1.69,1
T-1399,path_planning,3.26,7.35,1.16,5
T-1400,anomaly_detection,6.12,31.43,1.85,4
T-1401,path_planning,3.29,4.67,0.86,5
T-1402,terrain_mapping,11.88,83.08,4.01,2
T-1403,terrain_mapping,9.37,75.15,4.13,2
T-1404,terrain_mapping,9.44,79.95,4.23,2
T-1405,terrain_mapping,11.15,64.14,4.64,2
T-1406,terrain_mapping,11.81,75.48,5.02,2
T-1407,terrain_mapping,8.58,60.3,5.21,2
T-1408,image_processing,7.35,48.03,3.27,3
T-1409,terrain_mapping,11.04,79.81,4.96,2
T-1410,image_processing,9.91,59.6,3.3,3
T-1411,anomaly_detection,5.26,33.29,1.99,4
T-1412,anomaly_detection,6.73,20.12,1.7,4
T-1413,path_planning,3.4,5.23,0.88,5
T-1414,object_tracking,5.3,21.97,1.73,5
T-1415,terrain_mapping,11.1,86.43,4.13,2
T-1416,terrain_mapping,10.9,82.2,4.19,2
T-1417,anomaly_detection,4.64,27.68,1.72,4
T-1418,path_planning,2.05,7.45,1.02,5
T-1419,anomaly_detection,6.18,34.8,1.58,3
T-1420,anomaly_detection,5.88,25.32,1.53,4
T-1421,image_processing,7.79,51.45,2.51,3
T-1422,path_planning,3.61,7.95,1.03,5
T-1423,object_tracking,5.69,17.34,1.38,5
T-1424,object_tracking,5.34,22.14,1.51,5
T-1425,anomaly_detection,5.55,22.89,2.04,4
T-1426,path_planning,3.42,7.14,0.83,2
T-1427,terrain_mapping,8.86,62.34,5.02,2
T-1428,object_tracking,5.04,18.95,1.36,5
T-1429,terrain_mapping,11.99,80.67,5.42,2
T-1430,terrain_mapping,11.3,64.33,4.19,2
T-1431,path_planning,3.94,5.57,1.01,5
T-1432,terrain_mapping,9.89,82.39,5.42,2
T-1433,image_processing,8.41,48.17,2.62,3
T-1434,image_processing,8.09,42.35,2.8,3
T-1435,anomaly_detection,5.46,31.87,1.6,4
T-1436,image_processing,9.75,46.1,2.78,3
T-1437,terrain_mapping,8.01,76.43,4.1,4
T-1438,object_tracking,4.62,19.52,1.4,5
T-1439,object_tracking,4.27,16.39,1.58,5
T-1440,terrain_mapping,8.6,81.84,4.13,2
T-1441,object_tracking,4.82,17.33,1.44,5
T-1442,terrain_mapping,10.94,79.38,5.3,2
T-1443,object_tracking,5.26,22.72,1.39,5
T-1444,object_tracking,4.17,24.55,1.53,5
T-1445,object_tracking,5.04,22.51,1.5,5
T-1446,path_planning,3.92,4.37,0.88,5
T-1447,object_tracking,4.89,23.07,1.56,5
T-1448,image_processing,7.97,58.68,2.84,3
T-1449,image_processing,9.44,46.35,2.76,1
T-1450,object_tracking,4.34,16.44,1.35,3
T-1451,terrain_mapping,10.71,61.77,5.44,2
T-1452,image_processing,7.19,41.97,2.64,3
T-1453,anomaly_detection,5.13,32.42,1.58,4
T-1454,object_tracking,5.17,19.93,1.65,5
T-1455,image_processing,7.08,46.37,3.05,1
T-1456,terrain_mapping,10.53,87.41,4.03,2
T-1457,object_tracking,5.35,17.46,1.53,5
T-1458,anomaly_detection,5.7,26.69,2.09,4
T-1459,path_planning,2.75,7.93,1.11,5
T-1460,terrain_mapping,11.85,76.65,4.06,2
T-1461,object_tracking,4.58,24.72,1.2,5
T-1462,terrain_mapping,9.09,67.53,5.02,2
T-1463,path_planning,3.17,5.55,0.82,5
T-1464,object_tracking,4.14,15.9,1.62,5
T-1465,object_tracking,6.0,23.78,1.33,5
T-1466,anomaly_detection,6.65,34.18,1.94,4
T-1467,terrain_mapping,9.09,79.87,4.48,2
T-1468,object_tracking,4.66,24.14,1.28,5
T-1469,object_tracking,4.95,24.01,1.6,5
T-1470,terrain_mapping,11.05,76.14,5.18,2
T-1471,image_processing,8.15,57.85,3.32,3
T-1472,image_processing,7.41,56.26,3.33,3
T-1473,path_planning,3.68,7.06,1.19,3
T-1474,path_planning,2.89,4.11,0.81,5
T-1475,anomaly_detection,4.57,32.24,1.94,4
T-1476,path_planning,2.47,5.47,0.95,5
T-1477,object_tracking,4.42,16.96,1.69,5
T-1478,anomaly_detection,5.71,27.41,1.89,4
T-1479,object_tracking,5.34,21.03,1.31,5
T-1480,image_processing,6.51,58.67,3.36,3
T-1481,anomaly_detection,4.58,30.17,2.19,4
T-1482,object_tracking,5.23,21.81,1.73,4
T-1483,image_processing,9.42,46.46,3.34,3
T-1484,image_processing,8.72,49.33,2.86,3
T-1485,path_planning,2.09,7.59,1.01,5
T-1486,terrain_mapping,8.78,62.45,4.86,2
T-1487,terrain_mapping,11.83,87.51,4.3,2
T-1488,image_processing,8.5,41.93,2.98,3
T-1489,object_tracking,5.59,24.35,1.7,5
T-1490,terrain_mapping,8.95,70.22,4.08,2
T-1491,path_planning,3.89,6.88,1.05,5
T-1492,terrain_mapping,10.32,62.57,4.09,3
T-1493,image_processing,9.13,41.24,3.3,5
T-1494,terrain_mapping,8.26,80.33,4.84,2
T-1495,terrain_mapping,9.61,78.52,4.62,2
T-1496,object_tracking,4.02,18.84,1.68,5
T-1497,object_tracking,4.2,21.51,1.61,5
T-1498,anomaly_detection,5.76,21.62,1.51,4
T-1499,object_tracking,5.58,16.94,1.54,5
T-1500,anomaly_detection,5.07,27.22,1.93,4
T-1501,path_planning,3.59,3.3,0.92,5
T-1502,anomaly_detection,4.93,33.28,2.04,3
T-1503,object_tracking,4.69,18.69,1.2,5
T-1504,path_planning,2.11,5.54,1.13,5
T-1505,terrain_mapping,9.38,89.3,4.96,2
T-1506,image_processing,7.37,53.36,3.19,3
T-1507,object_tracking,5.38,23.52,1.54,5
T-1508,anomaly_detection,5.26,22.43,1.82,4
T-1509,image_processing,7.98,58.4,3.14,3
T-1510,terrain_mapping,10.5,67.17,5.1,2
T-1511,anomaly_detection,6.42,25.64,1.78,4
T-1512,image_processing,7.45,41.47,2.53,3
T-1513,terrain_mapping,8.78,77.57,5.15,1
T-1514,path_planning,2.4,3.87,1.15,5
T-1515,anomaly_detection,6.54,23.69,1.64,4
T-1516,anomaly_detection,6.73,20.31,1.97,4
T-1517,image_processing,7.35,44.2,2.96,3
T-1518,anomaly_detection,5.98,34.12,2.18,4
T-1519,terrain_mapping,11.51,61.96,4.22,2
T-1520,path_planning,2.38,4.89,0.95,5
T-1521,path_planning,3.84,6.82,1.03,5
T-1522,anomaly_detection,6.37,24.92,1.54,4
T-1523,path_planning,3.7,7.84,1.15,5
T-1524,image_processing,9.14,55.82,3.11,3
T-1525,terrain_mapping,11.01,79.35,4.76,2
T-1526,terrain_mapping,8.72,81.37,4.79,2
T-1527,terrain_mapping,9.9,77.44,4.96,2
T-1528,image_processing,6.83,57.9,2.95,3
T-1529,path_planning,2.61,7.44,1.03,5
T-1530,anomaly_detection,4.76,21.27,2.03,4
T-1531,object_tracking,4.7,20.84,1.48,5
T-1532,terrain_mapping,9.8,72.98,4.55,2
T-1533,anomaly_detection,5.15,22.69,1.66,4
T-1534,anomaly_detection,6.7,24.42,1.85,4
T-1535,image_processing,9.14,58.53,2.6,1
T-1536,object_tracking,4.4,16.97,1.4,5
T-1537,anomaly_detection,4.57,29.06,1.6,4
T-1538,object_tracking,5.82,15.09,1.38,5
T-1539,terrain_mapping,11.78,84.66,5.14,5
T-1540,path_planning,3.73,4.14,1.09,5
T-1541,path_planning,3.03,6.93,1.1,5
T-1542,terrain_mapping,9.36,62.58,5.27,2
T-1543,terrain_mapping,8.84,73.5,4.84,2
T-1544,object_tracking,5.75,18.06,1.64,5
T-1545,anomaly_detection,5.02,26.29,1.98,4
T-1546,object_tracking,4.6,20.87,1.54,2
T-1547,path_planning,3.95,7.97,1.03,5
T-1548,object_tracking,5.15,18.91,1.43,5
T-1549,image_processing,8.14,43.77,2.61,3
T-1550,terrain_mapping,10.56,69.14,4.26,2
T-1551,path_planning,2.06,6.45,1.0,5
T-1552,image_processing,9.65,47.72,2.71,3
T-1553,object_tracking,4.14,15.57,1.51,5
T-1554,terrain_mapping,9.56,89.69,4.19,2
T-1555,image_processing,7.56,58.07,2.71,3
T-1556,anomaly_detection,5.3,30.65,1.83,4
T-1557,anomaly_detection,5.76,27.54,1.98,4
T-1558,image_processing,9.96,48.91,3.32,3
T-1559,path_planning,3.05,7.55,1.15,5
T-1560,object_tracking,4.08,15.91,1.59,5
T-1561,anomaly_detection,6.1,30.67,1.71,4
T-1562,path_planning,2.83,3.9,1.05,5
T-1563,terrain_mapping,11.64,65.5,4.85,2
T-1564,image_processing,6.96,57.41,2.77,3
T-1565,anomaly_detection,6.0,21.0,2.01,4
T-1566,terrain_mapping,9.65,82.86,4.18,2
T-1567,image_processing,8.02,55.59,2.91,3
T-1568,path_planning,3.01,5.31,0.83,5
T-1569,terrain_mapping,9.52,82.38,5.28,2
T-1570,image_processing,7.0,54.18,2.64,3
T-1571,terrain_mapping,9.94,62.05,4.82,2
T-1572,terrain_mapping,8.56,84.61,5.26,2
T-1573,image_processing,8.43,43.54,2.62,3
T-1574,path_planning,2.16,6.82,1.07,5
T-1575,anomaly_detection,4.53,30.72,2.12,4
T-1576,terrain_mapping,10.79,85.1,5.22,2
T-1577,image_processing,7.56,46.17,2.55,4
T-1578,path_planning,3.86,4.87,0.9,4
T-1579,image_processing,9.96,46.74,2.69,3
T-1580,path_planning,3.92,3.48,1.13,5
T-1581,path_planning,2.09,5.56,1.13,5
T-1582,path_planning,3.25,7.67,0.96,5
T-1583,path_planning,2.43,4.78,0.87,5
T-1584,anomaly_detection,4.04,23.19,1.65,4
T-1585,anomaly_detection,5.95,25.53,1.55,4
T-1586,anomaly_detection,6.3,27.49,2.19,4
T-1587,object_tracking,4.34,24.59,1.56,5
T-1588,terrain_mapping,10.71,89.17,5.04,2
T-1589,anomaly_detection,6.93,30.0,1.55,5
T-1590,terrain_mapping,9.53,79.22,4.35,2
T-1591,image_processing,6.93,52.33,3.4,3
T-1592,terrain_mapping,11.03,78.59,4.09,2
T-1593,anomaly_detection,4.61,25.64,1.95,4
T-1594,object_tracking,5.98,19.44,1.73,3
T-1595,image_processing,8.08,59.55,3.15,3
T-1596,image_processing,6.92,54.66,2.84,3
T-1597,image_processing,9.63,53.3,2.75,3
T-1598,path_planning,3.22,4.91,0.93,5
T-1599,image_processing,6.26,49.83,3.45,2
T-1600,path_planning,2.25,3.87,1.02,5
T-1601,path_planning,2.47,3.39,1.09,5
T-1602,path_planning,2.49,3.88,0.9,5
T-1603,terrain_mapping,11.87,66.04,5.29,2
T-1604,anomaly_detection,5.19,22.52,1.81,4
T-1605,terrain_mapping,11.04,84.59,5.19,4
T-1606,terrain_mapping,11.42,82.77,5.38,2
T-1607,path_planning,3.11,3.88,0.95,5
T-1608,anomaly_detection,5.13,29.09,1.55,4
T-1609,path_planning,2.31,3.95,0.81,5
T-1610,anomaly_detection,5.47,33.89,2.16,4
T-1611,anomaly_detection,5.15,24.62,2.19,1
T-1612,image_processing,7.54,51.31,2.69,3
T-1613,anomaly_detection,6.31,31.27,1.74,4
T-1614,anomaly_detection,6.09,29.76,2.15,4
T-1615,path_planning,2.96,7.61,0.94,5
T-1616,image_processing,8.79,52.91,2.76,3
T-1617,path_planning,2.51,6.01,1.18,5
T-1618,image_processing,6.47,41.85,3.21,3
T-1619,object_tracking,5.95,15.8,1.75,5
T-1620,path_planning,3.66,4.26,0.92,5
T-1621,terrain_mapping,10.34,82.02,5.13,2
T-1622,image_processing,6.44,51.45,3.3,3
T-1623,anomaly_detection,6.25,33.95,1.78,4
T-1624,path_planning,3.63,3.01,0.83,5
T-1625,object_tracking,4.83,17.88,1.46,5
T-1626,path_planning,3.41,3.99,0.87,5
T-1627,terrain_mapping,10.27,66.38,4.3,2
T-1628,path_planning,2.52,7.51,0.96,5
T-1629,object_tracking,4.22,21.36,1.25,1
T-1630,anomaly_detection,4.19,20.44,1.66,4
T-1631,image_processing,6.04,45.32,3.46,3
T-1632,image_processing,6.39,50.45,2.51,3
T-1633,anomaly_detection,6.8,27.1,1.74,4
T-1634,anomaly_detection,6.05,25.15,1.72,4
T-1635,anomaly_detection,6.0,25.68,1.54,4
T-1636,anomaly_detection,6.42,20.05,2.11,4
T-1637,path_planning,2.05,3.61,1.01,5
T-1638,path_planning,2.74,6.09,1.06,5
T-1639,terrain_mapping,10.64,60.09,4.96,2
T-1640,anomaly_detection,4.05,25.4,1.53,4
T-1641,anomaly_detection,6.03,23.5,1.84,4
T-1642,image_processing,7.39,58.78,3.44,3
T-1643,image_processing,8.94,45.88,2.7,5
T-1644,object_tracking,5.57,22.17,1.22,5
T-1645,image_processing,7.21,53.46,3.05,3
T-1646,path_planning,3.79,7.78,0.99,5
T-1647,path_planning,2.42,6.77,1.06,4
T-1648,image_processing,6.64,58.58,3.4,3
T-1649,path_planning,3.44,6.33,1.18,5
T-1650,path_planning,3.85,6.17,1.0,5
T-1651,anomaly_detection,6.62,33.98,2.04,4
T-1652,anomaly_detection,5.13,30.76,2.02,4
T-1653,object_tracking,5.93,19.37,1.34,5
T-1654,anomaly_detection,4.26,21.34,2.02,4
T-1655,image_processing,8.29,42.55,2.81,3
T-1656,image_processing,7.24,51.8,2.69,3
T-1657,terrain_mapping,9.28,70.95,5.02,2
T-1658,object_tracking,5.33,20.91,1.26,4
T-1659,anomaly_detection,4.43,34.14,2.09,4
T-1660,terrain_mapping,8.59,68.5,5.12,2
T-1661,image_processing,8.4,46.18,3.49,5
T-1662,terrain_mapping,10.52,66.47,4.44,2
T-1663,image_processing,9.92,46.66,3.33,3
T-1664,path_planning,3.4,3.26,1.15,5
T-1665,terrain_mapping,10.91,68.97,5.22,2
T-1666,path_planning,3.98,5.74,0.93,5
T-1667,anomaly_detection,6.27,25.87,1.87,4
T-1668,path_planning,3.4,5.74,0.84,5
T-1669,object_tracking,5.73,15.54,1.76,5
T-1670,path_planning,3.15,5.21,0.99,5
T-1671,path_planning,2.44,6.74,1.09,5
T-1672,image_processing,8.71,59.77,2.65,3
T-1673,terrain_mapping,10.72,65.05,4.08,2
T-1674,terrain_mapping,8.72,61.57,5.47,2
T-1675,object_tracking,4.87,16.49,1.63,5
T-1676,image_processing,6.96,49.77,3.19,3
T-1677,terrain_mapping,11.1,89.73,5.01,4
T-1678,terrain_mapping,9.1,79.6,4.55,1
T-1679,image_processing,7.96,53.38,3.01,5
T-1680,object_tracking,4.96,21.94,1.26,5
T-1681,terrain_mapping,9.94,79.34,4.65,2
T-1682,image_processing,7.3,54.28,3.36,3
T-1683,terrain_mapping,11.25,60.59,4.83,2
T-1684,object_tracking,4.98,20.19,1.55,5
T-1685,image_processing,9.01,44.15,3.16,5
T-1686,path_planning,2.01,5.24,0.93,5
T-1687,path_planning,3.31,3.44,0.9,5
T-1688,image_processing,9.92,50.12,2.86,3
T-1689,terrain_mapping,11.91,79.74,4.37,5
T-1690,anomaly_detection,5.98,26.67,1.9,4
T-1691,object_tracking,5.82,24.97,1.56,5
T-1692,image_processing,8.65,40.89,2.54,2
T-1693,path_planning,3.2,4.08,0.94,5
T-1694,terrain_mapping,8.3,67.65,4.57,2
T-1695,terrain_mapping,9.82,88.34,5.01,2
T-1696,path_planning,3.07,3.35,1.09,5
T-1697,path_planning,3.43,5.82,1.06,5
T-1698,path_planning,2.84,3.77,1.2,5
T-1699,image_processing,9.86,44.95,2.77,3
T-1700,object_tracking,4.81,18.29,1.25,5
T-1701,anomaly_detection,4.44,31.97,1.69,2
T-1702,terrain_mapping,11.81,83.48,4.19,2
T-1703,anomaly_detection,5.77,32.1,1.57,4
T-1704,object_tracking,5.73,20.52,1.56,5
T-1705,path_planning,2.64,6.76,0.87,5
T-1706,object_tracking,5.1,23.82,1.44,5
T-1707,anomaly_detection,4.03,27.7,1.61,4
T-1708,object_tracking,5.47,15.53,1.64,5
T-1709,path_planning,3.36,5.09,0.98,5
T-1710,anomaly_detection,6.4,27.53,1.69,4
T-1711,path_planning,2.61,7.29,1.18,5
T-1712,anomaly_detection,6.54,29.52,1.55,4
T-1713,image_processing,6.66,41.15,3.24,3
T-1714,terrain_mapping,11.23,60.32,5.42,2
T-1715,path_planning,2.96,5.58,1.2,5
T-1716,image_processing,7.62,52.33,3.41,3
T-1717,terrain_mapping,10.81,82.49,4.37,2
T-1718,object_tracking,5.37,15.42,1.47,5
T-1719,object_tracking,5.81,16.75,1.42,3
T-1720,image_processing,7.69,47.58,2.87,2
T-1721,object_tracking,5.7,23.58,1.37,5
T-1722,anomaly_detection,4.64,31.07,1.9,4
T-1723,anomaly_detection,6.79,34.39,1.86,4
T-1724,terrain_mapping,11.57,85.45,4.09,4
T-1725,anomaly_detection,4.9,21.61,1.74,4
T-1726,terrain_mapping,9.42,63.04,4.74,5
T-1727,path_planning,2.82,7.57,0.8,5
T-1728,anomaly_detection,4.68,25.93,1.71,4
T-1729,path_planning,3.07,4.35,1.2,5
T-1730,terrain_mapping,8.65,70.61,4.65,2
T-1731,path_planning,2.22,4.42,0.85,5
T-1732,anomaly_detection,6.7,22.4,1.64,4
T-1733,anomaly_detection,4.36,27.34,1.85,4
T-1734,path_planning,2.65,6.82,1.15,5
T-1735,terrain_mapping,8.53,88.73,5.19,3
T-1736,object_tracking,4.03,21.84,1.23,5
T-1737,terrain_mapping,11.91,82.12,4.65,2
T-1738,terrain_mapping,8.33,72.87,4.93,2
T-1739,path_planning,2.5,6.83,1.15,5
T-1740,path_planning,3.33,5.15,0.99,5
T-1741,image_processing,8.8,50.05,2.68,3
T-1742,object_tracking,5.26,16.49,1.27,5
T-1743,anomaly_detection,6.97,33.94,1.8,4
T-1744,image_processing,9.46,47.61,3.02,3
T-1745,path_planning,2.44,5.13,0.82,5
T-1746,image_processing,7.22,45.38,2.78,3
T-1747,terrain_mapping,8.99,86.85,4.27,3
T-1748,path_planning,2.57,4.4,1.04,5
T-1749,anomaly_detection,6.84,25.45,1.71,1
T-1750,object_tracking,5.54,16.3,1.42,5
T-1751,object_tracking,5.06,18.72,1.59,5
T-1752,terrain_mapping,8.35,63.19,4.94,2
T-1753,image_processing,8.35,58.24,3.15,3
T-1754,terrain_mapping,11.7,62.25,4.82,2
T-1755,terrain_mapping,11.96,66.06,5.08,2
T-1756,terrain_mapping,10.2,67.58,5.32,2
T-1757,object_tracking,5.95,23.95,1.47,5
T-1758,terrain_mapping,8.27,72.57,5.4,2
T-1759,image_processing,6.67,45.48,3.47,3
T-1760,object_tracking,4.12,24.72,1.31,5
T-1761,terrain_mapping,10.74,86.11,5.46,2
T-1762,object_tracking,4.77,22.79,1.44,5
T-1763,path_planning,2.01,5.86,1.04,5
T-1764,terrain_mapping,10.02,81.62,4.39,2
T-1765,anomaly_detection,6.12,28.28,1.62,2
T-1766,anomaly_detection,4.12,22.22,2.12,4
T-1767,anomaly_detection,6.62,20.77,2.19,4
T-1768,path_planning,3.07,3.01,0.94,5
T-1769,anomaly_detection,4.97,34.2,2.12,4
T-1770,path_planning,2.82,6.06,0.93,1
T-1771,anomaly_detection,4.66,34.48,1.62,4
T-1772,object_tracking,5.31,23.68,1.76,5
T-1773,terrain_mapping,11.78,67.72,4.94,2
T-1774,path_planning,3.63,4.1,0.91,5
T-1775,terrain_mapping,8.62,66.95,5.09,2
T-1776,terrain_mapping,8.37,65.45,4.28,2
T-1777,path_planning,3.14,7.72,0.87,5
T-1778,anomaly_detection,4.49,22.67,1.78,4
T-1779,image_processing,6.57,48.53,2.96,3
T-1780,terrain_mapping,8.4,75.8,5.09,2
T-1781,object_tracking,4.2,18.84,1.27,1
T-1782,path_planning,2.5,3.42,0.86,5
T-1783,image_processing,9.17,40.19,3.29,3
T-1784,anomaly_detection,6.56,21.27,1.6,4
T-1785,terrain_mapping,11.26,69.22,4.72,2
T-1786,object_tracking,5.38,21.27,1.27,5
T-1787,image_processing,8.18,42.05,3.39,3
T-1788,image_processing,9.65,40.48,2.93,3
T-1789,path_planning,3.84,6.42,1.07,5
T-1790,image_processing,7.97,59.82,2.72,3
T-1791,anomaly_detection,5.07,29.24,1.58,4
T-1792,image_processing,9.58,52.09,2.68,3
T-1793,object_tracking,4.36,19.25,1.74,5
T-1794,object_tracking,5.64,18.48,1.26,5
T-1795,anomaly_detection,6.8,32.16,2.0,1
T-1796,path_planning,3.56,3.73,0.86,5
T-1797,terrain_mapping,11.26,63.39,4.64,2
T-1798,path_planning,2.18,7.97,0.87,5
T-1799,anomaly_detection,5.48,27.22,2.18,4
T-1800,anomaly_detection,4.41,34.16,2.15,4
T-1801,object_tracking,4.99,20.34,1.52,5
T-1802,terrain_mapping,8.33,81.45,4.79,2
T-1803,path_planning,3.41,4.18,0.8,5
T-1804,image_processing,7.45,49.48,2.63,3
T-1805,anomaly_detection,6.55,33.0,2.07,4
T-1806,path_planning,3.67,5.76,1.17,5
T-1807,path_planning,3.66,3.28,0.86,5
T-1808,path_planning,2.75,3.13,1.19,5
T-1809,image_processing,8.65,41.48,3.34,3
T-1810,image_processing,6.59,42.83,2.75,4
T-1811,path_planning,3.53,5.35,0.86,5
T-1812,anomaly_detection,5.41,30.84,1.81,4
T-1813,image_processing,7.15,43.12,3.38,2
T-1814,object_tracking,4.32,18.96,1.45,5
T-1815,terrain_mapping,10.22,84.89,5.38,2
T-1816,path_planning,2.85,3.78,1.19,5
T-1817,path_planning,3.49,5.0,0.82,5
T-1818,object_tracking,5.21,15.77,1.62,5
T-1819,terrain_mapping,11.31,64.94,5.21,2
T-1820,path_planning,2.54,3.52,0.95,5
T-1821,anomaly_detection,4.08,24.23,1.88,5
T-1822,image_processing,9.03,46.18,3.05,3
T-1823,image_processing,6.96,41.7,3.07,4
T-1824,image_processing,6.19,41.86,2.81,3
T-1825,anomaly_detection,6.88,27.5,1.72,4
T-1826,anomaly_detection,6.92,30.54,1.57,4
T-1827,object_tracking,4.2,23.07,1.29,5
T-1828,terrain_mapping,9.91,86.06,4.06,2
T-1829,terrain_mapping,8.32,78.78,5.43,2
T-1830,path_planning,3.61,6.27,1.11,5
T-1831,object_tracking,5.03,22.29,1.59,5
T-1832,anomaly_detection,5.34,21.97,1.7,4
T-1833,terrain_mapping,8.16,81.38,5.02,2
T-1834,object_tracking,5.21,24.58,1.54,5
T-1835,image_processing,9.22,42.85,3.37,3
T-1836,image_processing,8.0,49.1,2.67,3
T-1837,image_processing,7.12,47.27,2.59,3
T-1838,terrain_mapping,9.03,74.2,4.38,2
T-1839,path_planning,3.88,7.86,1.0,5
T-1840,anomaly_detection,5.2,32.86,2.14,3
T-1841,object_tracking,5.69,24.52,1.42,5
T-1842,object_tracking,4.9,23.77,1.79,1
T-1843,path_planning,3.4,5.8,0.86,4
T-1844,path_planning,3.14,7.27,0.89,5
T-1845,image_processing,7.4,49.37,3.04,3
T-1846,image_processing,6.34,54.64,3.42,3
T-1847,terrain_mapping,8.8,69.86,4.48,2
T-1848,terrain_mapping,8.85,82.24,4.17,2
T-1849,object_tracking,4.31,19.7,1.58,5
T-1850,image_processing,9.95,55.48,2.56,3
T-1851,terrain_mapping,11.91,66.4,4.32,4
T-1852,anomaly_detection,4.76,22.64,1.6,4
T-1853,image_processing,7.19,54.24,3.37,3
T-1854,anomaly_detection,4.55,20.81,2.13,4
T-1855,anomaly_detection,4.49,25.24,1.79,4
T-1856,path_planning,3.93,5.18,1.17,5
T-1857,image_processing,8.24,57.88,2.7,3
T-1858,object_tracking,5.23,18.24,1.79,5
T-1859,anomaly_detection,4.04,33.45,2.15,4
T-1860,anomaly_detection,4.34,34.55,1.78,4
T-1861,image_processing,9.95,58.87,3.36,3
T-1862,object_tracking,4.19,17.19,1.79,5
T-1863,object_tracking,5.55,21.01,1.33,5
T-1864,path_planning,3.94,5.88,0.81,5
T-1865,image_processing,7.21,46.14,3.32,4
T-1866,terrain_mapping,9.66,70.55,5.24,2
T-1867,anomaly_detection,4.34,22.64,1.8,4
T-1868,object_tracking,4.33,19.36,1.37,5
T-1869,terrain_mapping,10.54,81.06,5.41,2
T-1870,image_processing,9.98,56.12,2.6,3
T-1871,object_tracking,5.86,16.04,1.65,5
T-1872,object_tracking,4.2,19.44,1.55,3
T-1873,terrain_mapping,8.85,83.31,4.83,4
T-1874,image_processing,7.4,55.88,2.96,3
T-1875,terrain_mapping,8.03,71.24,4.34,2
T-1876,anomaly_detection,4.92,33.54,2.14,4
T-1877,image_processing,9.6,48.29,2.52,3
T-1878,anomaly_detection,6.52,27.78,2.02,4
T-1879,path_planning,3.92,7.96,0.9,5
T-1880,path_planning,3.23,4.97,0.82,5
T-1881,terrain_mapping,8.52,79.09,5.47,2
T-1882,anomaly_detection,5.55,26.56,1.57,4
T-1883,object_tracking,4.24,20.77,1.44,5
T-1884,anomaly_detection,6.51,22.39,1.73,1
T-1885,terrain_mapping,8.05,83.1,4.23,2
T-1886,object_tracking,5.84,15.79,1.43,5
T-1887,path_planning,3.97,6.17,1.11,5
T-1888,path_planning,2.59,5.68,0.9,5
T-1889,terrain_mapping,11.08,79.78,4.41,2
T-1890,image_processing,8.55,51.59,2.6,3
T-1891,object_tracking,4.25,16.42,1.36,5
T-1892,image_processing,7.98,47.23,3.34,3
T-1893,terrain_mapping,11.18,72.41,4.73,2
T-1894,path_planning,3.37,4.88,0.93,5
T-1895,path_planning,2.36,3.05,0.87,5
T-1896,object_tracking,5.71,16.17,1.41,5
T-1897,object_tracking,5.2,15.05,1.51,5
T-1898,image_processing,6.77,40.59,2.52,3
T-1899,path_planning,2.43,4.82,1.16,2
T-1900,path_planning,2.17,6.46,0.85,5
T-1901,path_planning,3.91,4.74,1.02,5
T-1902,terrain_mapping,9.74,88.39,5.38,2
T-1903,path_planning,3.37,7.44,0.91,5
T-1904,object_tracking,5.59,20.88,1.3,5
T-1905,terrain_mapping,9.73,73.38,4.89,2
T-1906,anomaly_detection,5.87,29.11,1.8,4
T-1907,anomaly_detection,6.69,32.29,1.81,4
T-1908,object_tracking,4.51,19.1,1.56,5
T-1909,object_tracking,4.7,15.3,1.31,5
T-1910,path_planning,2.72,3.36,1.06,5
T-1911,anomaly_detection,4.37,24.78,1.51,4
T-1912,terrain_mapping,10.27,69.65,4.35,3
T-1913,object_tracking,4.42,17.17,1.54,5
T-1914,image_processing,8.3,52.93,3.18,3
T-1915,anomaly_detection,4.59,20.74,1.85,3
T-1916,terrain_mapping,8.48,73.58,4.9,2
T-1917,path_planning,3.15,4.43,1.06,5
T-1918,image_processing,9.65,45.69,3.34,3
T-1919,object_tracking,5.84,15.39,1.59,1
T-1920,terrain_mapping,10.89,68.24,5.13,2
T-1921,object_tracking,5.55,19.94,1.23,5
T-1922,terrain_mapping,9.97,79.23,5.37,2
T-1923,object_tracking,4.21,17.24,1.7,3
T-1924,terrain_mapping,8.91,62.64,5.09,2
T-1925,object_tracking,5.98,24.34,1.72,5
T-1926,image_processing,6.44,58.94,2.58,3
T-1927,object_tracking,5.58,18.8,1.62,5
T-1928,object_tracking,4.92,16.26,1.72,5
T-1929,terrain_mapping,10.55,80.05,4.78,2
T-1930,terrain_mapping,10.65,89.29,4.48,2
T-1931,path_planning,2.18,6.83,1.08,5
T-1932,path_planning,3.32,6.68,0.88,4
T-1933,image_processing,6.85,53.41,2.97,3
T-1934,terrain_mapping,8.42,66.26,4.89,2
T-1935,anomaly_detection,6.28,24.68,1.82,4
T-1936,object_tracking,4.21,16.3,1.75,5
T-1937,terrain_mapping,11.47,75.4,5.17,2
T-1938,anomaly_detection,5.27,30.29,2.17,4
T-1939,image_processing,6.59,57.52,3.25,3
T-1940,terrain_mapping,8.75,60.86,4.99,2
T-1941,anomaly_detection,4.35,28.25,1.75,4
T-1942,terrain_mapping,10.01,75.24,4.08,2
T-1943,image_processing,6.2,47.65,3.43,3
T-1944,path_planning,2.81,5.97,1.01,5
T-1945,terrain_mapping,8.44,61.5,4.37,1
T-1946,image_processing,9.58,51.5,2.74,3
T-1947,anomaly_detection,4.68,29.3,2.0,4
T-1948,image_processing,6.88,56.48,3.19,3
T-1949,path_planning,3.57,4.74,0.92,5
T-1950,image_processing,6.38,50.06,3.2,3
T-1951,anomaly_detection,6.56,30.32,1.62,4
T-1952,path_planning,2.37,7.5,0.86,4
T-1953,terrain_mapping,9.34,65.33,4.4,1
T-1954,object_tracking,4.7,19.74,1.2,5
T-1955,terrain_mapping,8.44,84.57,4.85,2
T-1956,path_planning,3.05,3.84,0.86,3
T-1957,anomaly_detection,5.36,31.02,2.19,4
T-1958,terrain_mapping,9.01,73.76,5.24,2
T-1959,anomaly_detection,6.67,31.62,2.1,4
T-1960,object_tracking,4.97,17.7,1.51,5
T-1961,path_planning,3.96,7.28,1.06,4
T-1962,image_processing,6.98,54.82,3.47,3
T-1963,image_processing,6.78,59.1,3.14,3
T-1964,object_tracking,5.8,19.49,1.77,5
T-1965,anomaly_detection,6.73,25.23,1.73,4
T-1966,anomaly_detection,4.93,20.62,1.86,4
T-1967,object_tracking,4.25,22.95,1.54,5
T-1968,anomaly_detection,4.87,34.54,1.85,4
T-1969,terrain_mapping,10.72,75.7,4.43,2
T-1970,path_planning,2.61,4.44,1.12,1
T-1971,path_planning,2.57,5.97,0.82,5
T-1972,terrain_mapping,9.41,85.02,4.07,3
T-1973,object_tracking,5.33,22.69,1.29,3
T-1974,path_planning,3.99,3.98,1.03,2
T-1975,image_processing,7.89,47.09,3.31,3
T-1976,terrain_mapping,9.6,87.12,5.34,2
T-1977,object_tracking,4.62,20.64,1.61,5
T-1978,object_tracking,4.28,22.68,1.35,5
T-1979,path_planning,2.6,3.43,1.03,5
T-1980,object_tracking,4.37,22.82,1.7,5
T-1981,terrain_mapping,10.78,75.11,5.03,2
T-1982,anomaly_detection,5.28,26.31,1.79,5
T-1983,image_processing,9.83,48.42,3.26,3
T-1984,anomaly_detection,6.36,28.7,1.76,4
T-1985,object_tracking,5.76,15.54,1.71,1
T-1986,terrain_mapping,11.23,86.25,4.69,1
T-1987,anomaly_detection,6.49,29.75,1.73,3
T-1988,object_tracking,4.96,18.31,1.24,5
T-1989,object_tracking,5.48,15.53,1.32,4
T-1990,path_planning,2.45,6.38,1.14,5
T-1991,anomaly_detection,6.16,34.05,2.06,4
T-1992,path_planning,2.23,3.0,1.04,1
T-1993,path_planning,2.41,5.37,1.13,5
T-1994,image_processing,9.7,46.0,2.98,3
T-1995,path_planning,3.68,5.73,1.13,5
T-1996,object_tracking,4.25,16.46,1.21,2
T-1997,path_planning,3.02,6.5,0.88,5
T-1998,anomaly_detection,6.0,34.39,1.85,4
T-1999,terrain_mapping,9.54,84.0,4.7,2
T-2000,path_planning,2.06,5.29,1.03,3
