time_sec,voltage_v,current_a,temperature_c,soc_pct
35.70,3.9749,-2.0125,24.39,81.24
53.78,3.9517,-2.0140,24.54,79.31
71.92,3.9344,-2.0111,24.73,77.86
90.09,3.9201,-2.0130,24.91,76.67
108.28,3.9079,-2.0144,25.11,75.66
126.45,3.8970,-2.0116,25.32,74.75
144.64,3.8875,-2.0180,25.51,73.96
162.84,3.8790,-2.0131,25.70,73.25
181.02,3.8710,-2.0132,25.89,72.58
199.22,3.8635,-2.0130,26.08,71.96
217.39,3.8567,-2.0137,26.25,71.39
235.59,3.8500,-2.0142,26.44,70.83
253.75,3.8438,-2.0135,26.61,70.32
271.98,3.8377,-2.0126,26.78,69.81
290.14,3.8319,-2.0134,26.96,69.33
308.36,3.8264,-2.0131,27.13,68.87
326.50,3.8211,-2.0120,27.31,68.42
344.75,3.8159,-2.0145,27.46,67.99
362.91,3.8107,-2.0131,27.62,67.56
381.05,3.8058,-2.0092,27.78,67.15
399.19,3.8011,-2.0147,27.93,66.76
417.28,3.7963,-2.0132,28.08,66.36
435.48,3.7914,-2.0115,28.23,65.95
453.67,3.7866,-2.0122,28.38,65.55
471.81,3.7821,-2.0139,28.52,65.17
490.20,3.7772,-2.0121,28.67,64.76
508.34,3.7724,-2.0107,28.82,64.37
526.62,3.7679,-2.0121,28.93,63.99
544.92,3.7632,-2.0123,29.07,63.60
563.12,3.7585,-2.0135,29.18,63.21
581.41,3.7542,-2.0136,29.29,62.85
599.66,3.7496,-2.0128,29.40,62.47
617.88,3.7452,-2.0124,29.50,62.10
636.05,3.7410,-2.0125,29.59,61.75
654.42,3.7367,-2.0134,29.68,61.39
672.59,3.7325,-2.0126,29.77,61.04
690.81,3.7284,-2.0155,29.84,60.70
708.94,3.7245,-2.0113,29.91,60.38
727.27,3.7207,-2.0109,29.98,60.05
745.58,3.7164,-2.0130,30.03,59.70
763.80,3.7128,-2.0108,30.09,59.40
782.11,3.7084,-2.0137,30.14,59.04
800.48,3.7048,-2.0111,30.19,58.73
818.80,3.7007,-2.0122,30.24,58.39
837.02,3.6968,-2.0123,30.28,58.06
855.25,3.6930,-2.0120,30.33,57.75
873.58,3.6892,-2.0121,30.39,57.43
891.81,3.6852,-2.0107,30.42,57.10
910.14,3.6815,-2.0133,30.47,56.79
928.39,3.6778,-2.0110,30.52,56.48
946.72,3.6741,-2.0127,30.57,56.17
965.05,3.6703,-2.0114,30.61,55.86
983.39,3.6667,-2.0128,30.66,55.56
1001.77,3.6630,-2.0116,30.70,55.25
1020.17,3.6597,-2.0127,30.76,54.97
1038.59,3.6559,-2.0139,30.81,54.66
1056.92,3.6523,-2.0107,30.86,54.36
1075.20,3.6488,-2.0120,30.91,54.06
1093.69,3.6455,-2.0092,30.96,53.80
1112.00,3.6421,-2.0137,31.01,53.51
1130.33,3.6385,-2.0128,31.06,53.21
1148.75,3.6351,-2.0141,31.12,52.92
1167.12,3.6317,-2.0111,31.16,52.64
1185.64,3.6286,-2.0109,31.22,52.38
1203.98,3.6250,-2.0124,31.28,52.08
1222.41,3.6216,-2.0132,31.33,51.80
1240.80,3.6185,-2.0142,31.38,51.54
1259.16,3.6151,-2.0126,31.44,51.26
1277.55,3.6119,-2.0122,31.50,50.99
1295.91,3.6086,-2.0116,31.55,50.71
1314.30,3.6055,-2.0141,31.60,50.46
1332.69,3.6022,-2.0119,31.66,50.18
1351.20,3.5989,-2.0154,31.70,49.90
1369.69,3.5958,-2.0127,31.76,49.65
1388.12,3.5930,-2.0139,31.81,49.42
1406.58,3.5897,-2.0136,31.87,49.14
1425.06,3.5867,-2.0163,31.92,48.89
1443.61,3.5834,-2.0128,31.96,48.62
1462.05,3.5805,-2.0128,32.01,48.37
1480.55,3.5773,-2.0125,32.07,48.10
1499.03,3.5744,-2.0116,32.12,47.86
1517.67,3.5713,-2.0162,32.16,47.61
1536.11,3.5687,-2.0122,32.22,47.39
1554.78,3.5656,-2.0138,32.27,47.13
1573.28,3.5626,-2.0139,32.31,46.88
1591.86,3.5598,-2.0108,32.37,46.65
1610.41,3.5569,-2.0107,32.41,46.41
1628.95,3.5540,-2.0135,32.45,46.16
1647.56,3.5512,-2.0133,32.50,45.93
1666.06,3.5485,-2.0117,32.55,45.71
1684.66,3.5458,-2.0130,32.60,45.48
1703.22,3.5431,-2.0134,32.64,45.26
1721.89,3.5403,-2.0137,32.69,45.02
1740.44,3.5374,-2.0131,32.73,44.78
1759.02,3.5352,-2.0111,32.78,44.60
1777.64,3.5325,-2.0128,32.82,44.38
1796.33,3.5299,-2.0148,32.87,44.16
1815.05,3.5275,-2.0130,32.91,43.96
1833.75,3.5250,-2.0138,32.96,43.75
1852.39,3.5226,-2.0120,32.98,43.55
1871.08,3.5201,-2.0113,33.03,43.34
1889.84,3.5180,-2.0102,33.07,43.16
1908.58,3.5154,-2.0125,33.11,42.95
1927.28,3.5133,-2.0136,33.16,42.77
1946.03,3.5111,-2.0131,33.20,42.59
1964.89,3.5088,-2.0121,33.24,42.40
1983.70,3.5069,-2.0117,33.28,42.24
2002.48,3.5047,-2.0109,33.32,42.06
2021.19,3.5028,-2.0151,33.35,41.90
2039.91,3.5006,-2.0125,33.40,41.72
2058.64,3.4988,-2.0153,33.44,41.57
2077.41,3.4965,-2.0118,33.49,41.38
2096.31,3.4948,-2.0141,33.53,41.23
2115.05,3.4926,-2.0120,33.57,41.05
2133.97,3.4909,-2.0117,33.61,40.91
2152.81,3.4888,-2.0123,33.66,40.74
2171.62,3.4869,-2.0113,33.71,40.57
2190.55,3.4850,-2.0116,33.77,40.42
2209.42,3.4832,-2.0136,33.82,40.26
2228.30,3.4810,-2.0119,33.85,40.08
2247.22,3.4793,-2.0152,33.90,39.94
2265.97,3.4772,-2.0140,33.95,39.77
2284.94,3.4753,-2.0132,34.00,39.61
2303.86,3.4734,-2.0117,34.05,39.45
2322.80,3.4712,-2.0129,34.10,39.27
2341.77,3.4692,-2.0119,34.14,39.10
2360.59,3.4672,-2.0124,34.19,38.93
2379.58,3.4651,-2.0103,34.24,38.76
2398.67,3.4632,-2.0127,34.30,38.60
2417.80,3.4608,-2.0140,34.35,38.40
2436.91,3.4585,-2.0145,34.40,38.21
2455.97,3.4564,-2.0108,34.46,38.03
2474.98,3.4538,-2.0122,34.53,37.82
2494.03,3.4516,-2.0087,34.58,37.63
2513.19,3.4493,-2.0167,34.64,37.45
2532.39,3.4469,-2.0139,34.72,37.24
2551.55,3.4443,-2.0116,34.77,37.03
2570.58,3.4419,-2.0111,34.84,36.82
2589.70,3.4389,-2.0135,34.91,36.58
2608.80,3.4364,-2.0113,34.97,36.36
2627.95,3.4337,-2.0139,35.04,36.14
2647.23,3.4309,-2.0127,35.10,35.91
2666.52,3.4278,-2.0128,35.17,35.65
2685.81,3.4248,-2.0111,35.25,35.40
2704.97,3.4218,-2.0118,35.32,35.15
2724.20,3.4187,-2.0106,35.40,34.90
2743.45,3.4155,-2.0124,35.46,34.62
2762.62,3.4118,-2.0099,35.55,34.31
2781.92,3.4083,-2.0152,35.61,34.02
2801.25,3.4044,-2.0151,35.68,33.70
2820.62,3.4002,-2.0129,35.76,33.35
2839.94,3.3961,-2.0097,35.82,33.01
2859.23,3.3918,-2.0125,35.91,32.65
2878.58,3.3870,-2.0125,36.00,32.25
2897.94,3.3820,-2.0124,36.07,31.84
2917.28,3.3765,-2.0118,36.15,31.38
2936.69,3.3705,-2.0131,36.23,30.87
2956.08,3.3638,-2.0131,36.32,30.32
2975.45,3.3569,-2.0105,36.40,29.74
2994.97,3.3487,-2.0134,36.48,29.06
3014.45,3.3396,-2.0120,36.57,28.30
3033.89,3.3296,-2.0141,36.68,27.47
3053.38,3.3182,-2.0101,36.77,26.52
3072.86,3.3049,-2.0139,36.86,25.41
3092.33,3.2904,-2.0110,36.98,24.20
3111.83,3.2737,-2.0123,37.07,22.81
3131.23,3.2545,-2.0111,37.18,21.21
3150.67,3.2331,-2.0112,37.31,19.43
3170.19,3.2083,-2.0117,37.42,17.36
3189.73,3.1800,-2.0111,37.56,15.00
3209.30,3.1472,-2.0117,37.69,12.27
3229.02,3.1093,-2.0134,37.84,9.11
3248.62,3.0654,-2.0148,37.98,5.45
3268.33,3.0131,-2.0111,38.13,1.09
3287.97,2.9492,-2.0142,38.30,0.00
3307.62,2.8660,-2.0106,38.48,0.00
3327.23,2.7573,-2.0141,38.67,0.00
3346.94,2.6125,-2.0126,38.90,0.00
35.70,3.9792,-2.0147,24.74,81.60
53.83,3.9569,-2.0137,24.90,79.74
71.89,3.9401,-2.0128,25.08,78.34
90.05,3.9261,-2.0113,25.26,77.17
108.31,3.9143,-2.0116,25.45,76.19
126.39,3.9039,-2.0126,25.65,75.32
144.62,3.8947,-2.0134,25.83,74.56
162.72,3.8861,-2.0097,26.03,73.84
180.95,3.8782,-2.0123,26.20,73.18
199.02,3.8706,-2.0151,26.37,72.55
217.30,3.8637,-2.0144,26.57,71.97
235.47,3.8571,-2.0130,26.74,71.43
253.74,3.8508,-2.0130,26.91,70.90
271.81,3.8447,-2.0129,27.08,70.39
290.06,3.8388,-2.0131,27.26,69.90
308.27,3.8331,-2.0155,27.41,69.42
326.42,3.8277,-2.0133,27.57,68.98
344.59,3.8225,-2.0146,27.74,68.54
362.78,3.8174,-2.0127,27.90,68.12
381.02,3.8124,-2.0158,28.04,67.70
399.25,3.8072,-2.0119,28.20,67.27
417.42,3.8025,-2.0137,28.34,66.87
435.56,3.7974,-2.0122,28.50,66.45
453.75,3.7926,-2.0105,28.64,66.05
472.03,3.7877,-2.0116,28.78,65.64
490.33,3.7827,-2.0124,28.92,65.22
508.52,3.7779,-2.0125,29.05,64.82
526.64,3.7728,-2.0107,29.18,64.40
544.89,3.7681,-2.0119,29.28,64.01
563.08,3.7634,-2.0168,29.41,63.62
581.24,3.7588,-2.0122,29.52,63.24
599.50,3.7545,-2.0137,29.62,62.87
617.70,3.7500,-2.0120,29.71,62.50
636.03,3.7456,-2.0121,29.79,62.14
654.17,3.7413,-2.0137,29.89,61.77
672.34,3.7372,-2.0141,29.96,61.43
690.55,3.7331,-2.0125,30.03,61.09
708.84,3.7291,-2.0123,30.09,60.76
727.05,3.7250,-2.0125,30.15,60.42
745.27,3.7209,-2.0119,30.21,60.07
763.70,3.7171,-2.0104,30.27,59.76
782.00,3.7132,-2.0133,30.33,59.43
800.25,3.7092,-2.0126,30.37,59.10
818.56,3.7054,-2.0107,30.41,58.78
836.95,3.7013,-2.0123,30.45,58.44
855.34,3.6975,-2.0139,30.50,58.12
873.58,3.6936,-2.0135,30.54,57.80
891.83,3.6898,-2.0107,30.58,57.49
910.25,3.6859,-2.0127,30.63,57.16
928.62,3.6822,-2.0103,30.68,56.85
947.00,3.6782,-2.0118,30.73,56.52
965.34,3.6747,-2.0119,30.77,56.22
983.69,3.6710,-2.0146,30.81,55.91
1002.00,3.6674,-2.0122,30.87,55.62
1020.34,3.6638,-2.0127,30.93,55.32
1038.70,3.6602,-2.0122,30.98,55.02
1057.08,3.6567,-2.0138,31.03,54.73
1075.42,3.6531,-2.0124,31.08,54.42
1093.75,3.6497,-2.0127,31.13,54.14
1112.06,3.6463,-2.0103,31.19,53.86
1130.48,3.6429,-2.0123,31.24,53.57
1148.75,3.6396,-2.0090,31.28,53.30
1167.09,3.6359,-2.0136,31.33,52.99
1185.44,3.6327,-2.0135,31.38,52.72
1203.88,3.6294,-2.0132,31.45,52.45
1222.17,3.6260,-2.0115,31.49,52.17
1240.56,3.6226,-2.0113,31.55,51.88
1259.09,3.6194,-2.0101,31.60,51.62
1277.45,3.6161,-2.0126,31.65,51.34
1295.84,3.6129,-2.0143,31.71,51.07
1314.39,3.6098,-2.0156,31.75,50.81
1332.77,3.6063,-2.0114,31.81,50.52
1351.23,3.6032,-2.0128,31.86,50.27
1369.69,3.6001,-2.0120,31.91,50.01
1388.14,3.5970,-2.0145,31.96,49.75
1406.61,3.5939,-2.0118,32.01,49.50
1425.19,3.5908,-2.0146,32.06,49.24
1443.70,3.5877,-2.0145,32.10,48.98
1462.28,3.5847,-2.0124,32.16,48.72
1480.67,3.5818,-2.0143,32.22,48.48
1499.20,3.5786,-2.0107,32.26,48.22
1517.77,3.5758,-2.0122,32.30,47.99
1536.31,3.5728,-2.0158,32.35,47.73
1554.83,3.5697,-2.0124,32.40,47.48
1573.42,3.5668,-2.0126,32.45,47.24
1591.97,3.5641,-2.0118,32.50,47.01
1610.53,3.5610,-2.0131,32.55,46.75
1629.23,3.5583,-2.0128,32.59,46.53
1647.84,3.5555,-2.0132,32.63,46.29
1666.50,3.5529,-2.0103,32.68,46.08
1685.09,3.5503,-2.0156,32.72,45.86
1703.72,3.5472,-2.0135,32.78,45.60
1722.34,3.5447,-2.0124,32.82,45.39
1741.02,3.5420,-2.0121,32.86,45.17
1759.70,3.5395,-2.0134,32.92,44.96
1778.36,3.5369,-2.0116,32.94,44.74
1796.97,3.5346,-2.0108,32.99,44.55
1815.62,3.5319,-2.0125,33.04,44.32
1834.30,3.5296,-2.0119,33.07,44.14
1852.95,3.5272,-2.0146,33.12,43.93
1871.66,3.5250,-2.0130,33.16,43.75
1890.31,3.5226,-2.0126,33.20,43.55
1909.17,3.5201,-2.0117,33.26,43.34
1927.88,3.5179,-2.0145,33.29,43.16
1946.67,3.5160,-2.0141,33.35,43.00
1965.41,3.5139,-2.0135,33.39,42.82
1984.19,3.5117,-2.0122,33.43,42.64
2002.91,3.5095,-2.0132,33.47,42.46
2021.62,3.5074,-2.0137,33.52,42.28
2040.36,3.5055,-2.0147,33.55,42.12
2059.08,3.5037,-2.0113,33.60,41.98
2077.86,3.5016,-2.0104,33.64,41.80
2096.64,3.5001,-2.0130,33.70,41.67
2115.69,3.4980,-2.0097,33.75,41.50
2134.59,3.4959,-2.0142,33.79,41.33
2153.56,3.4943,-2.0155,33.83,41.19
2172.41,3.4922,-2.0119,33.88,41.01
2191.25,3.4904,-2.0111,33.93,40.87
2210.11,3.4888,-2.0115,33.98,40.74
2228.94,3.4866,-2.0114,34.04,40.55
2247.95,3.4850,-2.0115,34.08,40.42
2266.88,3.4828,-2.0116,34.13,40.24
2286.00,3.4809,-2.0088,34.18,40.07
2305.03,3.4790,-2.0125,34.22,39.92
2323.99,3.4770,-2.0135,34.28,39.75
2342.91,3.4752,-2.0132,34.33,39.60
2362.02,3.4733,-2.0134,34.39,39.44
2381.12,3.4711,-2.0125,34.44,39.26
2400.08,3.4690,-2.0124,34.49,39.08
2419.06,3.4670,-2.0119,34.55,38.92
2438.08,3.4649,-2.0119,34.61,38.74
2457.17,3.4624,-2.0141,34.66,38.53
2476.27,3.4603,-2.0126,34.72,38.36
2495.36,3.4580,-2.0117,34.79,38.17
2514.44,3.4557,-2.0103,34.85,37.98
2533.44,3.4533,-2.0131,34.90,37.77
2552.52,3.4510,-2.0149,34.96,37.58
2571.58,3.4484,-2.0142,35.02,37.37
2590.74,3.4457,-2.0112,35.09,37.15
2609.81,3.4433,-2.0134,35.15,36.94
2628.97,3.4408,-2.0136,35.22,36.73
2648.27,3.4376,-2.0129,35.29,36.46
2667.52,3.4349,-2.0127,35.36,36.24
2686.74,3.4318,-2.0114,35.43,35.98
2706.05,3.4285,-2.0125,35.51,35.71
2725.33,3.4252,-2.0143,35.58,35.43
2744.70,3.4219,-2.0132,35.65,35.16
2763.91,3.4183,-2.0156,35.73,34.86
2783.05,3.4146,-2.0126,35.80,34.55
2802.34,3.4109,-2.0118,35.88,34.24
2821.64,3.4069,-2.0118,35.95,33.91
2840.92,3.4026,-2.0105,36.02,33.55
2860.41,3.3978,-2.0095,36.10,33.15
2879.77,3.3934,-2.0111,36.18,32.79
2899.14,3.3881,-2.0097,36.25,32.34
2918.44,3.3824,-2.0143,36.33,31.87
2937.92,3.3762,-2.0092,36.41,31.35
2957.41,3.3696,-2.0116,36.50,30.80
2976.81,3.3620,-2.0144,36.58,30.17
2996.19,3.3538,-2.0145,36.66,29.48
3015.64,3.3442,-2.0133,36.74,28.69
3035.09,3.3336,-2.0101,36.84,27.80
3054.58,3.3213,-2.0106,36.94,26.78
3074.02,3.3072,-2.0125,37.04,25.60
3093.53,3.2909,-2.0117,37.15,24.24
3113.09,3.2724,-2.0119,37.24,22.70
3132.64,3.2506,-2.0136,37.37,20.88
3152.24,3.2263,-2.0117,37.48,18.86
3171.77,3.1981,-2.0123,37.61,16.51
3191.25,3.1657,-2.0114,37.75,13.81
3210.70,3.1280,-2.0116,37.89,10.66
3230.38,3.0833,-2.0103,38.02,6.94
3250.03,3.0304,-2.0116,38.18,2.54
3269.69,2.9652,-2.0128,38.35,0.00
3289.53,2.8783,-2.0140,38.52,0.00
3309.19,2.7579,-2.0137,38.71,0.00
3328.83,2.5872,-2.0110,38.93,0.00
35.77,3.9800,-2.0155,24.79,81.67
53.89,3.9582,-2.0148,24.94,79.85
72.09,3.9417,-2.0119,25.12,78.47
90.19,3.9279,-2.0129,25.31,77.33
108.33,3.9162,-2.0105,25.50,76.35
126.61,3.9057,-2.0138,25.68,75.48
144.83,3.8966,-2.0121,25.88,74.72
163.06,3.8884,-2.0139,26.05,74.03
181.25,3.8805,-2.0112,26.25,73.37
199.41,3.8730,-2.0134,26.42,72.75
217.45,3.8662,-2.0109,26.61,72.18
235.52,3.8598,-2.0109,26.76,71.65
253.80,3.8531,-2.0142,26.94,71.09
271.94,3.8471,-2.0130,27.11,70.59
290.11,3.8412,-2.0137,27.27,70.10
308.25,3.8355,-2.0131,27.43,69.63
326.38,3.8302,-2.0152,27.58,69.18
344.56,3.8249,-2.0141,27.73,68.74
362.72,3.8197,-2.0107,27.89,68.31
380.84,3.8148,-2.0097,28.04,67.90
399.08,3.8096,-2.0108,28.20,67.47
417.23,3.8047,-2.0148,28.34,67.06
435.44,3.7996,-2.0144,28.49,66.63
453.64,3.7948,-2.0128,28.63,66.23
471.84,3.7897,-2.0127,28.77,65.80
490.06,3.7848,-2.0141,28.90,65.40
508.28,3.7799,-2.0136,29.03,64.99
526.52,3.7749,-2.0133,29.16,64.58
544.75,3.7701,-2.0164,29.28,64.17
562.97,3.7652,-2.0157,29.38,63.76
581.19,3.7606,-2.0132,29.48,63.38
599.36,3.7564,-2.0074,29.58,63.03
617.55,3.7516,-2.0142,29.67,62.64
635.72,3.7473,-2.0124,29.76,62.28
654.08,3.7432,-2.0133,29.85,61.93
672.36,3.7389,-2.0136,29.92,61.57
690.56,3.7348,-2.0123,29.97,61.23
709.00,3.7308,-2.0117,30.03,60.90
727.17,3.7267,-2.0136,30.10,60.56
745.45,3.7229,-2.0128,30.15,60.24
763.67,3.7189,-2.0136,30.20,59.91
781.94,3.7146,-2.0103,30.25,59.55
800.31,3.7109,-2.0132,30.30,59.24
818.64,3.7069,-2.0128,30.34,58.91
836.97,3.7028,-2.0102,30.39,58.57
855.34,3.6991,-2.0126,30.43,58.26
873.73,3.6951,-2.0086,30.48,57.92
892.12,3.6914,-2.0158,30.53,57.62
910.34,3.6873,-2.0130,30.57,57.27
928.64,3.6837,-2.0123,30.61,56.98
947.03,3.6798,-2.0147,30.66,56.65
965.42,3.6762,-2.0124,30.71,56.35
983.78,3.6725,-2.0142,30.75,56.04
1002.16,3.6689,-2.0133,30.81,55.75
1020.53,3.6654,-2.0151,30.86,55.45
1038.88,3.6617,-2.0124,30.90,55.14
1057.39,3.6582,-2.0103,30.95,54.85
1075.81,3.6545,-2.0129,31.02,54.54
1094.17,3.6511,-2.0142,31.06,54.25
1112.55,3.6476,-2.0115,31.12,53.97
1130.91,3.6439,-2.0132,31.17,53.66
1149.20,3.6407,-2.0112,31.21,53.39
1167.50,3.6373,-2.0113,31.28,53.10
1185.84,3.6339,-2.0134,31.33,52.83
1204.23,3.6305,-2.0141,31.39,52.54
1222.56,3.6270,-2.0107,31.43,52.25
1241.00,3.6238,-2.0111,31.49,51.98
1259.41,3.6208,-2.0143,31.54,51.73
1277.88,3.6171,-2.0134,31.60,51.43
1296.27,3.6140,-2.0143,31.66,51.17
1314.69,3.6107,-2.0114,31.70,50.89
1333.20,3.6076,-2.0129,31.76,50.63
1351.70,3.6043,-2.0126,31.81,50.36
1370.20,3.6011,-2.0136,31.87,50.10
1388.70,3.5981,-2.0146,31.92,49.84
1407.23,3.5948,-2.0114,31.97,49.56
1425.77,3.5918,-2.0131,32.01,49.32
1444.31,3.5886,-2.0145,32.06,49.05
1462.78,3.5855,-2.0126,32.11,48.79
1481.39,3.5826,-2.0155,32.15,48.55
1499.95,3.5797,-2.0144,32.20,48.30
1518.48,3.5768,-2.0131,32.25,48.07
1537.09,3.5739,-2.0128,32.31,47.82
1555.64,3.5707,-2.0117,32.35,47.56
1574.20,3.5680,-2.0093,32.39,47.33
1592.73,3.5649,-2.0103,32.45,47.07
1611.27,3.5622,-2.0146,32.49,46.85
1629.81,3.5593,-2.0113,32.53,46.61
1648.41,3.5565,-2.0107,32.57,46.38
1666.98,3.5539,-2.0103,32.62,46.16
1685.52,3.5511,-2.0131,32.66,45.92
1704.25,3.5485,-2.0121,32.70,45.71
1722.81,3.5457,-2.0139,32.74,45.47
1741.47,3.5432,-2.0149,32.80,45.26
1760.16,3.5406,-2.0091,32.84,45.05
1778.83,3.5382,-2.0109,32.89,44.85
1797.55,3.5357,-2.0116,32.93,44.64
1816.30,3.5332,-2.0125,32.97,44.44
1835.03,3.5307,-2.0082,33.01,44.23
1853.78,3.5285,-2.0120,33.06,44.04
1872.53,3.5261,-2.0133,33.10,43.84
1891.27,3.5240,-2.0105,33.14,43.66
1910.03,3.5213,-2.0123,33.20,43.44
1928.69,3.5195,-2.0133,33.24,43.29
1947.34,3.5171,-2.0145,33.28,43.09
1966.06,3.5148,-2.0116,33.33,42.90
1984.72,3.5128,-2.0140,33.38,42.74
2003.44,3.5108,-2.0104,33.42,42.57
2022.20,3.5089,-2.0128,33.45,42.41
2040.98,3.5070,-2.0103,33.51,42.25
2059.77,3.5050,-2.0109,33.54,42.08
2078.56,3.5031,-2.0120,33.59,41.92
2097.36,3.5011,-2.0108,33.64,41.76
2116.09,3.4992,-2.0121,33.68,41.60
2134.86,3.4975,-2.0122,33.73,41.46
2153.72,3.4955,-2.0115,33.77,41.29
2172.67,3.4938,-2.0125,33.82,41.15
2191.61,3.4916,-2.0130,33.88,40.97
2210.52,3.4899,-2.0129,33.92,40.83
2229.44,3.4880,-2.0122,33.97,40.67
2248.42,3.4861,-2.0135,34.01,40.51
2267.47,3.4842,-2.0108,34.06,40.35
2286.41,3.4826,-2.0113,34.12,40.22
2305.30,3.4806,-2.0115,34.17,40.05
2324.28,3.4785,-2.0135,34.22,39.87
2343.36,3.4765,-2.0132,34.28,39.71
2362.25,3.4744,-2.0104,34.33,39.53
2381.20,3.4724,-2.0110,34.38,39.36
2400.27,3.4705,-2.0106,34.44,39.21
2419.23,3.4683,-2.0124,34.49,39.03
2438.31,3.4660,-2.0094,34.56,38.83
2457.42,3.4638,-2.0123,34.63,38.65
2476.48,3.4618,-2.0117,34.68,38.48
2495.62,3.4593,-2.0137,34.73,38.28
2514.73,3.4570,-2.0124,34.80,38.09
2533.86,3.4546,-2.0134,34.86,37.89
2552.94,3.4521,-2.0133,34.91,37.68
2572.02,3.4496,-2.0127,34.98,37.46
2591.12,3.4470,-2.0111,35.05,37.25
2610.27,3.4442,-2.0114,35.12,37.02
2629.44,3.4416,-2.0118,35.18,36.80
2648.64,3.4388,-2.0127,35.26,36.57
2667.77,3.4357,-2.0135,35.32,36.31
2686.91,3.4327,-2.0118,35.40,36.06
2705.98,3.4295,-2.0132,35.46,35.79
2725.27,3.4260,-2.0104,35.54,35.50
2744.56,3.4227,-2.0124,35.61,35.23
2763.81,3.4191,-2.0099,35.68,34.93
2783.16,3.4151,-2.0104,35.76,34.59
2802.41,3.4113,-2.0166,35.83,34.28
2821.72,3.4073,-2.0110,35.91,33.94
2840.95,3.4028,-2.0114,36.00,33.57
2860.34,3.3984,-2.0134,36.06,33.20
2879.72,3.3933,-2.0128,36.14,32.78
2899.25,3.3878,-2.0093,36.21,32.32
2918.70,3.3818,-2.0117,36.30,31.82
2938.16,3.3756,-2.0130,36.37,31.30
2957.47,3.3685,-2.0121,36.46,30.71
2976.86,3.3606,-2.0101,36.54,30.05
2996.30,3.3518,-2.0136,36.62,29.31
3015.77,3.3417,-2.0143,36.71,28.48
3035.28,3.3299,-2.0125,36.81,27.49
3054.80,3.3169,-2.0134,36.90,26.41
3074.30,3.3015,-2.0141,37.02,25.13
3093.72,3.2844,-2.0131,37.12,23.70
3113.25,3.2639,-2.0122,37.25,21.99
3132.88,3.2408,-2.0123,37.36,20.06
3152.53,3.2138,-2.0128,37.47,17.82
3172.16,3.1827,-2.0128,37.59,15.23
3191.73,3.1468,-2.0088,37.73,12.23
3211.31,3.1049,-2.0117,37.88,8.74
3230.95,3.0551,-2.0127,38.03,4.59
3250.44,2.9954,-2.0113,38.18,0.00
3270.06,2.9180,-2.0133,38.35,0.00
3289.77,2.8098,-2.0147,38.54,0.00
3309.42,2.6519,-2.0131,38.74,0.00
35.75,3.9816,-2.0117,24.70,81.80
53.81,3.9600,-2.0124,24.85,80.00
72.05,3.9437,-2.0117,25.02,78.64
90.22,3.9299,-2.0124,25.21,77.49
108.38,3.9183,-2.0132,25.40,76.53
126.58,3.9081,-2.0130,25.59,75.68
144.78,3.8991,-2.0104,25.77,74.93
163.02,3.8905,-2.0140,25.94,74.21
181.20,3.8828,-2.0126,26.13,73.57
199.38,3.8754,-2.0111,26.31,72.95
217.59,3.8686,-2.0115,26.48,72.38
235.86,3.8619,-2.0125,26.65,71.83
254.06,3.8555,-2.0122,26.82,71.29
272.24,3.8494,-2.0133,26.99,70.78
290.36,3.8433,-2.0099,27.16,70.27
308.55,3.8377,-2.0105,27.32,69.81
326.78,3.8324,-2.0112,27.47,69.36
344.86,3.8272,-2.0150,27.63,68.93
363.09,3.8218,-2.0118,27.78,68.49
381.25,3.8168,-2.0120,27.94,68.07
399.39,3.8119,-2.0122,28.09,67.66
417.50,3.8069,-2.0119,28.23,67.24
435.61,3.8019,-2.0120,28.38,66.82
453.81,3.7968,-2.0115,28.52,66.40
471.97,3.7917,-2.0127,28.66,65.97
490.28,3.7866,-2.0129,28.79,65.55
508.49,3.7815,-2.0124,28.93,65.12
526.62,3.7770,-2.0123,29.04,64.75
544.88,3.7719,-2.0131,29.17,64.32
563.09,3.7671,-2.0118,29.28,63.92
581.24,3.7624,-2.0126,29.39,63.53
599.47,3.7579,-2.0125,29.48,63.16
617.56,3.7533,-2.0138,29.57,62.78
635.83,3.7491,-2.0132,29.65,62.43
653.95,3.7449,-2.0102,29.73,62.08
672.12,3.7408,-2.0117,29.80,61.73
690.39,3.7365,-2.0159,29.87,61.37
708.56,3.7324,-2.0152,29.92,61.04
726.77,3.7285,-2.0118,29.98,60.71
745.09,3.7245,-2.0133,30.04,60.37
763.34,3.7203,-2.0143,30.08,60.03
781.62,3.7162,-2.0127,30.13,59.68
800.02,3.7124,-2.0104,30.18,59.36
818.45,3.7084,-2.0116,30.22,59.03
836.58,3.7044,-2.0143,30.27,58.70
854.94,3.7009,-2.0108,30.32,58.41
873.33,3.6968,-2.0144,30.36,58.07
891.74,3.6928,-2.0139,30.40,57.74
910.08,3.6889,-2.0090,30.45,57.40
928.55,3.6850,-2.0124,30.49,57.09
946.83,3.6813,-2.0110,30.54,56.77
965.19,3.6776,-2.0106,30.58,56.47
983.50,3.6740,-2.0111,30.63,56.17
1001.92,3.6704,-2.0148,30.67,55.87
1020.19,3.6665,-2.0128,30.73,55.54
1038.53,3.6630,-2.0151,30.77,55.25
1056.86,3.6594,-2.0118,30.82,54.95
1075.12,3.6560,-2.0118,30.87,54.67
1093.61,3.6522,-2.0135,30.92,54.35
1111.97,3.6488,-2.0138,30.98,54.06
1130.30,3.6453,-2.0123,31.04,53.77
1148.67,3.6421,-2.0147,31.09,53.51
1167.08,3.6384,-2.0081,31.14,53.20
1185.56,3.6349,-2.0106,31.20,52.91
1203.98,3.6316,-2.0117,31.25,52.63
1222.36,3.6284,-2.0105,31.30,52.37
1240.91,3.6247,-2.0119,31.36,52.06
1259.30,3.6216,-2.0107,31.42,51.80
1277.77,3.6184,-2.0140,31.47,51.54
1296.09,3.6150,-2.0146,31.52,51.25
1314.53,3.6120,-2.0114,31.57,51.00
1332.92,3.6084,-2.0125,31.62,50.70
1351.47,3.6054,-2.0114,31.67,50.45
1369.86,3.6023,-2.0106,31.72,50.19
1388.38,3.5989,-2.0136,31.77,49.91
1406.97,3.5959,-2.0119,31.82,49.66
1425.50,3.5929,-2.0111,31.86,49.41
1444.08,3.5898,-2.0111,31.92,49.15
1462.66,3.5866,-2.0122,31.97,48.88
1481.16,3.5836,-2.0103,32.01,48.64
1499.72,3.5806,-2.0129,32.05,48.39
1518.28,3.5777,-2.0117,32.11,48.14
1536.88,3.5746,-2.0136,32.17,47.88
1555.38,3.5717,-2.0109,32.21,47.64
1574.16,3.5688,-2.0094,32.26,47.40
1592.70,3.5660,-2.0106,32.31,47.17
1611.19,3.5630,-2.0136,32.35,46.92
1629.75,3.5601,-2.0113,32.39,46.68
1648.34,3.5575,-2.0133,32.45,46.46
1666.95,3.5547,-2.0156,32.49,46.22
1685.67,3.5520,-2.0128,32.54,46.00
1704.22,3.5496,-2.0137,32.58,45.80
1722.81,3.5465,-2.0117,32.62,45.54
1741.45,3.5440,-2.0108,32.67,45.34
1760.22,3.5415,-2.0104,32.72,45.12
1778.92,3.5390,-2.0106,32.75,44.91
1797.53,3.5365,-2.0121,32.80,44.71
1816.23,3.5341,-2.0151,32.84,44.51
1835.03,3.5315,-2.0124,32.88,44.29
1853.86,3.5293,-2.0128,32.92,44.11
1872.62,3.5269,-2.0115,32.98,43.91
1891.38,3.5246,-2.0122,33.02,43.72
1910.11,3.5223,-2.0108,33.06,43.53
1928.84,3.5202,-2.0111,33.10,43.35
1947.61,3.5179,-2.0080,33.13,43.16
1966.33,3.5158,-2.0137,33.20,42.99
1985.00,3.5136,-2.0086,33.24,42.80
2003.80,3.5117,-2.0115,33.28,42.64
2022.70,3.5097,-2.0105,33.32,42.48
2041.44,3.5077,-2.0110,33.37,42.31
2060.36,3.5056,-2.0110,33.41,42.13
2079.09,3.5040,-2.0151,33.46,42.00
2097.86,3.5022,-2.0112,33.50,41.85
2116.72,3.5000,-2.0119,33.54,41.67
2135.58,3.4979,-2.0099,33.60,41.50
2154.44,3.4964,-2.0125,33.65,41.37
2173.38,3.4946,-2.0142,33.68,41.21
2192.30,3.4926,-2.0139,33.74,41.05
2211.12,3.4910,-2.0125,33.78,40.91
2229.95,3.4887,-2.0114,33.84,40.72
2248.83,3.4870,-2.0127,33.89,40.58
2267.77,3.4849,-2.0102,33.93,40.41
2286.72,3.4831,-2.0123,33.99,40.26
2305.66,3.4812,-2.0126,34.05,40.10
2324.69,3.4794,-2.0143,34.09,39.95
2343.67,3.4773,-2.0124,34.14,39.78
2362.62,3.4753,-2.0097,34.20,39.61
2381.59,3.4732,-2.0109,34.25,39.43
2400.58,3.4711,-2.0119,34.30,39.26
2419.64,3.4690,-2.0085,34.36,39.08
2438.62,3.4669,-2.0132,34.42,38.91
2457.70,3.4647,-2.0121,34.48,38.73
2476.95,3.4622,-2.0126,34.54,38.52
2496.14,3.4602,-2.0127,34.59,38.35
2515.20,3.4576,-2.0116,34.65,38.13
2534.31,3.4552,-2.0098,34.73,37.93
2553.34,3.4528,-2.0125,34.79,37.74
2572.38,3.4502,-2.0143,34.85,37.52
2591.66,3.4476,-2.0118,34.91,37.30
2610.80,3.4449,-2.0145,34.98,37.07
2630.00,3.4420,-2.0147,35.05,36.84
2649.12,3.4391,-2.0121,35.11,36.59
2668.24,3.4362,-2.0143,35.18,36.35
2687.44,3.4332,-2.0156,35.26,36.10
2706.86,3.4299,-2.0085,35.34,35.82
2726.11,3.4264,-2.0119,35.40,35.53
2745.34,3.4230,-2.0131,35.47,35.25
2764.61,3.4194,-2.0107,35.56,34.95
2783.89,3.4158,-2.0136,35.63,34.65
2803.22,3.4116,-2.0131,35.70,34.30
2822.44,3.4074,-2.0130,35.77,33.95
2841.70,3.4030,-2.0126,35.86,33.58
2860.91,3.3983,-2.0131,35.93,33.19
2880.20,3.3933,-2.0129,35.99,32.78
2899.55,3.3877,-2.0137,36.08,32.31
2918.99,3.3819,-2.0115,36.15,31.82
2938.27,3.3752,-2.0121,36.23,31.26
2957.75,3.3678,-2.0133,36.31,30.65
2977.19,3.3598,-2.0119,36.41,29.98
2996.70,3.3506,-2.0104,36.49,29.21
3016.19,3.3401,-2.0119,36.60,28.34
3035.66,3.3283,-2.0123,36.69,27.36
3055.28,3.3145,-2.0140,36.78,26.21
3074.69,3.2990,-2.0127,36.88,24.91
3094.11,3.2808,-2.0137,36.99,23.40
3113.59,3.2599,-2.0126,37.10,21.66
3133.08,3.2362,-2.0136,37.23,19.68
3152.66,3.2084,-2.0118,37.35,17.37
3172.17,3.1762,-2.0115,37.49,14.69
3191.70,3.1392,-2.0125,37.61,11.60
3211.24,3.0953,-2.0109,37.76,7.94
3230.89,3.0430,-2.0103,37.91,3.58
3250.56,2.9787,-2.0098,38.08,0.00
3270.22,2.8940,-2.0122,38.26,0.00
3289.86,2.7736,-2.0123,38.44,0.00
3309.72,2.5929,-2.0107,38.67,0.00
35.66,3.9823,-2.0140,24.57,81.85
53.86,3.9603,-2.0112,24.72,80.03
72.00,3.9443,-2.0111,24.89,78.69
90.16,3.9307,-2.0122,25.07,77.56
108.36,3.9194,-2.0105,25.26,76.62
126.56,3.9090,-2.0138,25.45,75.75
144.62,3.9000,-2.0094,25.63,75.00
162.84,3.8914,-2.0149,25.82,74.28
181.03,3.8837,-2.0113,26.00,73.65
199.28,3.8763,-2.0121,26.18,73.03
217.50,3.8694,-2.0119,26.35,72.45
235.66,3.8628,-2.0110,26.53,71.90
253.75,3.8566,-2.0126,26.69,71.38
271.88,3.8503,-2.0125,26.85,70.86
290.00,3.8444,-2.0161,27.00,70.37
308.22,3.8388,-2.0140,27.18,69.90
326.44,3.8334,-2.0127,27.34,69.45
344.55,3.8279,-2.0127,27.49,68.99
362.77,3.8230,-2.0122,27.65,68.58
381.00,3.8180,-2.0148,27.81,68.16
399.19,3.8127,-2.0132,27.95,67.73
417.33,3.8078,-2.0153,28.10,67.32
435.58,3.8028,-2.0137,28.25,66.90
453.73,3.7976,-2.0153,28.39,66.47
471.89,3.7927,-2.0127,28.53,66.06
490.08,3.7876,-2.0137,28.66,65.63
508.27,3.7825,-2.0132,28.80,65.21
526.47,3.7774,-2.0103,28.91,64.78
544.59,3.7728,-2.0119,29.03,64.40
562.81,3.7679,-2.0122,29.14,63.99
581.05,3.7634,-2.0106,29.23,63.62
599.33,3.7588,-2.0124,29.34,63.23
617.61,3.7544,-2.0122,29.43,62.87
635.77,3.7497,-2.0161,29.51,62.47
653.95,3.7455,-2.0135,29.58,62.12
672.27,3.7413,-2.0116,29.66,61.78
690.48,3.7372,-2.0141,29.73,61.43
708.91,3.7330,-2.0127,29.79,61.09
727.17,3.7289,-2.0128,29.84,60.74
745.47,3.7250,-2.0141,29.88,60.42
763.70,3.7208,-2.0105,29.94,60.07
781.97,3.7168,-2.0140,29.98,59.74
800.41,3.7129,-2.0124,30.03,59.40
818.73,3.7090,-2.0103,30.08,59.09
837.03,3.7051,-2.0096,30.12,58.76
855.28,3.7014,-2.0174,30.16,58.45
873.59,3.6971,-2.0130,30.21,58.09
892.03,3.6935,-2.0104,30.25,57.79
910.27,3.6894,-2.0137,30.30,57.45
928.61,3.6856,-2.0162,30.34,57.14
946.89,3.6822,-2.0143,30.39,56.85
965.11,3.6783,-2.0138,30.44,56.52
983.50,3.6746,-2.0124,30.48,56.22
1001.88,3.6707,-2.0115,30.53,55.89
1020.27,3.6670,-2.0134,30.58,55.58
1038.62,3.6635,-2.0135,30.64,55.29
1056.95,3.6601,-2.0098,30.68,55.01
1075.25,3.6563,-2.0118,30.73,54.69
1093.56,3.6528,-2.0125,30.78,54.40
1111.92,3.6494,-2.0111,30.84,54.12
1130.30,3.6458,-2.0115,30.88,53.81
1148.69,3.6425,-2.0107,30.95,53.54
1167.03,3.6386,-2.0159,31.00,53.21
1185.53,3.6355,-2.0113,31.05,52.95
1203.81,3.6321,-2.0129,31.10,52.68
1222.19,3.6288,-2.0143,31.14,52.40
1240.52,3.6252,-2.0135,31.21,52.10
1258.84,3.6219,-2.0146,31.26,51.83
1277.20,3.6188,-2.0120,31.31,51.56
1295.66,3.6154,-2.0130,31.36,51.29
1314.14,3.6122,-2.0121,31.42,51.01
1332.66,3.6090,-2.0114,31.48,50.75
1351.22,3.6058,-2.0114,31.52,50.48
1369.62,3.6025,-2.0119,31.57,50.21
1388.09,3.5994,-2.0130,31.62,49.95
1406.58,3.5961,-2.0126,31.67,49.68
1425.11,3.5932,-2.0141,31.72,49.43
1443.66,3.5901,-2.0147,31.76,49.17
1462.09,3.5870,-2.0106,31.81,48.92
1480.53,3.5841,-2.0124,31.86,48.67
1498.98,3.5809,-2.0124,31.91,48.41
1517.52,3.5779,-2.0138,31.96,48.15
1536.05,3.5750,-2.0131,32.01,47.92
1554.61,3.5720,-2.0128,32.05,47.67
1573.20,3.5692,-2.0120,32.10,47.43
1591.72,3.5663,-2.0127,32.16,47.19
1610.31,3.5635,-2.0104,32.19,46.96
1628.81,3.5606,-2.0143,32.25,46.72
1647.41,3.5578,-2.0122,32.30,46.48
1665.97,3.5551,-2.0113,32.34,46.26
1684.44,3.5525,-2.0151,32.38,46.04
1703.09,3.5497,-2.0120,32.44,45.81
1721.62,3.5472,-2.0130,32.48,45.60
1740.38,3.5445,-2.0129,32.52,45.38
1759.06,3.5419,-2.0126,32.56,45.16
1777.72,3.5393,-2.0141,32.61,44.94
1796.56,3.5368,-2.0122,32.66,44.74
1815.28,3.5346,-2.0091,32.69,44.55
1833.98,3.5320,-2.0099,32.74,44.33
1852.70,3.5297,-2.0140,32.78,44.14
1871.44,3.5275,-2.0146,32.82,43.96
1890.23,3.5251,-2.0126,32.86,43.76
1908.89,3.5228,-2.0125,32.91,43.57
1927.72,3.5208,-2.0138,32.96,43.40
1946.47,3.5185,-2.0138,33.00,43.21
1965.22,3.5164,-2.0135,33.05,43.03
1984.08,3.5143,-2.0119,33.09,42.86
2002.89,3.5121,-2.0133,33.14,42.68
2021.78,3.5104,-2.0125,33.19,42.53
2040.52,3.5082,-2.0127,33.23,42.35
2059.34,3.5063,-2.0146,33.27,42.19
2078.08,3.5045,-2.0120,33.32,42.04
2096.91,3.5026,-2.0132,33.37,41.88
2115.67,3.5006,-2.0128,33.41,41.71
2134.52,3.4987,-2.0131,33.46,41.56
2153.48,3.4968,-2.0124,33.50,41.40
2172.23,3.4949,-2.0130,33.56,41.24
2191.16,3.4931,-2.0103,33.61,41.09
2210.05,3.4913,-2.0124,33.64,40.94
2228.95,3.4894,-2.0115,33.71,40.78
2247.77,3.4876,-2.0121,33.76,40.63
2266.67,3.4856,-2.0097,33.81,40.47
2285.59,3.4837,-2.0137,33.86,40.31
2304.53,3.4817,-2.0116,33.92,40.14
2323.45,3.4798,-2.0131,33.98,39.98
2342.53,3.4778,-2.0147,34.03,39.81
2361.61,3.4757,-2.0137,34.07,39.64
2380.52,3.4737,-2.0142,34.13,39.47
2399.53,3.4716,-2.0131,34.19,39.30
2418.58,3.4693,-2.0123,34.24,39.11
2437.66,3.4673,-2.0133,34.30,38.94
2456.80,3.4651,-2.0112,34.37,38.76
2475.72,3.4628,-2.0125,34.42,38.56
2494.80,3.4605,-2.0124,34.48,38.37
2513.81,3.4583,-2.0125,34.54,38.19
2532.88,3.4559,-2.0154,34.61,37.99
2551.92,3.4533,-2.0144,34.67,37.78
2571.06,3.4508,-2.0122,34.73,37.56
2590.16,3.4482,-2.0128,34.80,37.35
2609.22,3.4452,-2.0146,34.86,37.10
2628.31,3.4426,-2.0131,34.93,36.88
2647.55,3.4397,-2.0119,34.99,36.64
2666.67,3.4367,-2.0156,35.07,36.39
2686.03,3.4336,-2.0135,35.13,36.14
2705.23,3.4302,-2.0138,35.20,35.85
2724.41,3.4270,-2.0115,35.26,35.59
2743.70,3.4236,-2.0116,35.36,35.30
2762.92,3.4199,-2.0110,35.43,34.99
2782.28,3.4157,-2.0149,35.50,34.64
2801.61,3.4120,-2.0143,35.58,34.33
2820.86,3.4077,-2.0126,35.64,33.97
2840.16,3.4030,-2.0142,35.73,33.59
2859.42,3.3985,-2.0139,35.80,33.20
2878.81,3.3933,-2.0112,35.88,32.78
2898.20,3.3878,-2.0110,35.96,32.31
2917.50,3.3816,-2.0130,36.03,31.80
2936.94,3.3751,-2.0119,36.11,31.26
2956.33,3.3676,-2.0110,36.19,30.63
2975.69,3.3593,-2.0149,36.28,29.94
2995.06,3.3499,-2.0112,36.37,29.16
3014.47,3.3397,-2.0161,36.45,28.31
3033.88,3.3276,-2.0123,36.54,27.30
3053.25,3.3136,-2.0146,36.65,26.14
3072.67,3.2975,-2.0094,36.74,24.79
3092.20,3.2791,-2.0093,36.86,23.26
3111.77,3.2577,-2.0098,36.98,21.47
3131.31,3.2331,-2.0108,37.11,19.43
3150.88,3.2044,-2.0099,37.22,17.03
3170.44,3.1717,-2.0150,37.35,14.31
3190.00,3.1331,-2.0131,37.49,11.09
3209.58,3.0877,-2.0118,37.63,7.31
3229.14,3.0335,-2.0117,37.78,2.79
3248.77,2.9661,-2.0124,37.95,0.00
3268.34,2.8754,-2.0138,38.13,0.00
3287.94,2.7451,-2.0129,38.32,0.00
3307.69,2.5474,-2.0135,38.56,0.00
35.70,3.9834,-2.0128,24.58,81.95
53.91,3.9619,-2.0116,24.72,80.16
71.95,3.9458,-2.0110,24.90,78.82
90.11,3.9325,-2.0139,25.08,77.71
108.25,3.9209,-2.0108,25.27,76.74
126.25,3.9110,-2.0100,25.45,75.91
144.36,3.9019,-2.0110,25.63,75.16
162.56,3.8935,-2.0129,25.81,74.46
180.78,3.8856,-2.0118,25.99,73.80
199.00,3.8785,-2.0127,26.17,73.21
217.19,3.8716,-2.0150,26.35,72.63
235.36,3.8648,-2.0139,26.51,72.07
253.59,3.8587,-2.0142,26.69,71.56
271.72,3.8525,-2.0123,26.85,71.05
289.91,3.8462,-2.0107,27.01,70.52
308.02,3.8409,-2.0148,27.17,70.07
326.30,3.8354,-2.0129,27.32,69.62
344.50,3.8301,-2.0113,27.49,69.18
362.64,3.8251,-2.0122,27.64,68.76
380.86,3.8200,-2.0155,27.79,68.34
399.08,3.8150,-2.0127,27.94,67.92
417.20,3.8100,-2.0137,28.10,67.50
435.41,3.8049,-2.0148,28.25,67.07
453.61,3.7998,-2.0130,28.39,66.65
471.80,3.7948,-2.0145,28.53,66.23
490.02,3.7897,-2.0149,28.67,65.81
508.16,3.7849,-2.0120,28.79,65.41
526.31,3.7796,-2.0126,28.91,64.96
544.52,3.7747,-2.0114,29.02,64.56
562.77,3.7700,-2.0137,29.14,64.17
580.92,3.7652,-2.0113,29.25,63.77
599.12,3.7607,-2.0143,29.35,63.39
617.25,3.7562,-2.0143,29.45,63.02
635.49,3.7518,-2.0130,29.54,62.65
653.81,3.7476,-2.0132,29.62,62.30
672.22,3.7430,-2.0153,29.70,61.92
690.41,3.7390,-2.0145,29.77,61.59
708.78,3.7348,-2.0137,29.82,61.23
727.02,3.7306,-2.0113,29.87,60.88
745.33,3.7267,-2.0154,29.92,60.56
763.52,3.7227,-2.0154,29.97,60.22
781.78,3.7189,-2.0122,30.01,59.91
800.05,3.7149,-2.0117,30.06,59.57
818.30,3.7109,-2.0129,30.11,59.24
836.59,3.7069,-2.0112,30.14,58.91
855.00,3.7029,-2.0114,30.18,58.58
873.36,3.6991,-2.0112,30.23,58.26
891.55,3.6952,-2.0125,30.27,57.94
909.81,3.6911,-2.0128,30.31,57.59
928.28,3.6874,-2.0151,30.36,57.29
946.55,3.6837,-2.0111,30.40,56.98
964.94,3.6797,-2.0111,30.46,56.64
983.24,3.6760,-2.0137,30.50,56.34
1001.52,3.6725,-2.0144,30.55,56.04
1019.81,3.6687,-2.0114,30.59,55.72
1038.17,3.6652,-2.0129,30.64,55.43
1056.58,3.6615,-2.0088,30.71,55.12
1074.89,3.6580,-2.0129,30.76,54.83
1093.23,3.6545,-2.0101,30.82,54.54
1111.56,3.6508,-2.0108,30.86,54.23
1129.97,3.6475,-2.0136,30.91,53.96
1148.36,3.6439,-2.0132,30.96,53.66
1166.70,3.6404,-2.0111,31.01,53.37
1185.11,3.6370,-2.0124,31.06,53.08
1203.50,3.6336,-2.0154,31.12,52.80
1222.03,3.6304,-2.0131,31.17,52.54
1240.58,3.6268,-2.0117,31.23,52.23
1258.91,3.6236,-2.0099,31.29,51.97
1277.36,3.6203,-2.0123,31.34,51.69
1295.86,3.6166,-2.0157,31.39,51.38
1314.28,3.6136,-2.0127,31.43,51.13
1332.81,3.6103,-2.0124,31.49,50.86
1351.30,3.6071,-2.0110,31.55,50.59
1369.72,3.6038,-2.0141,31.59,50.32
1388.22,3.6007,-2.0121,31.66,50.05
1406.66,3.5975,-2.0137,31.70,49.79
1425.20,3.5945,-2.0113,31.75,49.54
1443.70,3.5912,-2.0142,31.79,49.27
1462.27,3.5883,-2.0111,31.84,49.03
1480.84,3.5852,-2.0149,31.89,48.76
1499.41,3.5820,-2.0150,31.94,48.50
1517.94,3.5791,-2.0131,31.98,48.26
1536.52,3.5761,-2.0116,32.04,48.01
1555.00,3.5733,-2.0138,32.09,47.78
1573.47,3.5705,-2.0125,32.14,47.54
1592.00,3.5676,-2.0122,32.19,47.30
1610.61,3.5648,-2.0126,32.23,47.07
1629.19,3.5619,-2.0123,32.28,46.82
1647.78,3.5590,-2.0141,32.33,46.59
1666.41,3.5563,-2.0116,32.37,46.36
1684.95,3.5537,-2.0112,32.42,46.14
1703.61,3.5510,-2.0132,32.47,45.91
1722.25,3.5485,-2.0117,32.51,45.70
1740.88,3.5458,-2.0129,32.56,45.48
1759.42,3.5432,-2.0123,32.60,45.27
1778.06,3.5404,-2.0134,32.65,45.04
1796.75,3.5379,-2.0126,32.70,44.83
1815.34,3.5358,-2.0120,32.74,44.65
1833.91,3.5332,-2.0126,32.78,44.43
1852.64,3.5308,-2.0109,32.83,44.24
1871.38,3.5285,-2.0125,32.88,44.04
1890.30,3.5263,-2.0143,32.92,43.85
1909.06,3.5238,-2.0126,32.97,43.65
1927.75,3.5219,-2.0141,33.01,43.49
1946.48,3.5197,-2.0126,33.05,43.31
1965.28,3.5176,-2.0137,33.10,43.13
1983.98,3.5156,-2.0134,33.13,42.97
2002.73,3.5135,-2.0138,33.19,42.79
2021.55,3.5114,-2.0114,33.23,42.62
2040.45,3.5095,-2.0126,33.27,42.46
2059.36,3.5076,-2.0140,33.31,42.30
2078.25,3.5055,-2.0158,33.38,42.13
2097.19,3.5037,-2.0162,33.41,41.97
2115.91,3.5016,-2.0116,33.46,41.80
2134.80,3.4999,-2.0120,33.50,41.66
2153.70,3.4979,-2.0127,33.56,41.49
2172.62,3.4960,-2.0135,33.62,41.34
2191.59,3.4943,-2.0126,33.66,41.19
2210.55,3.4924,-2.0126,33.71,41.03
2229.50,3.4904,-2.0129,33.76,40.87
2248.52,3.4886,-2.0118,33.81,40.72
2267.44,3.4868,-2.0144,33.87,40.57
2286.25,3.4847,-2.0154,33.92,40.39
2305.25,3.4827,-2.0129,33.98,40.22
2324.24,3.4808,-2.0127,34.02,40.07
2343.17,3.4790,-2.0122,34.07,39.91
2362.17,3.4769,-2.0149,34.13,39.74
2381.16,3.4746,-2.0125,34.19,39.55
2400.28,3.4726,-2.0146,34.24,39.38
2419.27,3.4709,-2.0130,34.31,39.24
2438.28,3.4686,-2.0117,34.36,39.05
2457.25,3.4663,-2.0148,34.42,38.86
2476.34,3.4640,-2.0123,34.48,38.66
2495.41,3.4616,-2.0120,34.54,38.46
2514.50,3.4595,-2.0135,34.60,38.29
2533.61,3.4571,-2.0136,34.66,38.09
2552.72,3.4547,-2.0144,34.72,37.89
2571.80,3.4521,-2.0109,34.79,37.68
2590.89,3.4495,-2.0135,34.86,37.46
2610.02,3.4467,-2.0125,34.92,37.23
2629.12,3.4439,-2.0125,34.99,36.99
2648.30,3.4409,-2.0137,35.05,36.74
2667.47,3.4382,-2.0124,35.13,36.52
2686.77,3.4350,-2.0110,35.20,36.25
2705.92,3.4318,-2.0115,35.28,35.98
2725.20,3.4285,-2.0127,35.36,35.71
2744.50,3.4247,-2.0144,35.43,35.39
2763.70,3.4213,-2.0116,35.50,35.11
2782.92,3.4176,-2.0102,35.57,34.80
2802.27,3.4138,-2.0157,35.66,34.48
2821.49,3.4094,-2.0132,35.72,34.12
2840.75,3.4047,-2.0123,35.80,33.73
2860.14,3.4001,-2.0121,35.87,33.34
2879.45,3.3950,-2.0110,35.94,32.91
2898.80,3.3894,-2.0138,36.03,32.45
2918.17,3.3834,-2.0131,36.10,31.95
2937.64,3.3767,-2.0123,36.19,31.39
2957.05,3.3695,-2.0119,36.26,30.79
2976.53,3.3610,-2.0116,36.35,30.08
2996.02,3.3516,-2.0130,36.43,29.30
3015.52,3.3410,-2.0127,36.53,28.42
3034.94,3.3287,-2.0125,36.63,27.39
3054.39,3.3151,-2.0137,36.73,26.26
3073.88,3.2990,-2.0149,36.82,24.92
3093.53,3.2803,-2.0136,36.95,23.36
3113.02,3.2586,-2.0132,37.06,21.55
3132.62,3.2339,-2.0138,37.18,19.50
3152.14,3.2052,-2.0115,37.30,17.10
3171.67,3.1723,-2.0120,37.44,14.36
3191.30,3.1332,-2.0118,37.57,11.10
3210.89,3.0870,-2.0115,37.72,7.25
3230.49,3.0320,-2.0139,37.88,2.67
3250.20,2.9625,-2.0160,38.05,0.00
3269.80,2.8691,-2.0142,38.21,0.00
3289.53,2.7315,-2.0150,38.41,0.00
3309.25,2.5209,-2.0130,38.65,0.00
35.56,3.9846,-2.0158,24.64,82.05
53.69,3.9632,-2.0113,24.79,80.27
71.89,3.9470,-2.0127,24.97,78.92
90.08,3.9337,-2.0120,25.15,77.81
108.27,3.9225,-2.0108,25.33,76.88
126.38,3.9122,-2.0127,25.52,76.02
144.50,3.9036,-2.0134,25.70,75.30
162.66,3.8953,-2.0132,25.88,74.61
180.83,3.8874,-2.0119,26.05,73.95
198.98,3.8804,-2.0146,26.24,73.37
217.17,3.8733,-2.0138,26.41,72.78
235.39,3.8666,-2.0123,26.58,72.22
253.55,3.8603,-2.0108,26.75,71.69
271.75,3.8542,-2.0137,26.91,71.18
289.92,3.8482,-2.0147,27.07,70.69
308.03,3.8429,-2.0106,27.23,70.24
326.20,3.8372,-2.0124,27.39,69.77
344.31,3.8319,-2.0114,27.54,69.33
362.39,3.8267,-2.0116,27.69,68.89
380.52,3.8217,-2.0135,27.84,68.47
398.69,3.8167,-2.0122,28.00,68.06
416.84,3.8117,-2.0131,28.14,67.64
434.95,3.8067,-2.0120,28.30,67.22
453.23,3.8015,-2.0098,28.44,66.79
471.44,3.7967,-2.0125,28.59,66.39
489.64,3.7915,-2.0149,28.72,65.96
507.84,3.7866,-2.0133,28.84,65.55
526.14,3.7815,-2.0126,28.96,65.13
544.33,3.7766,-2.0122,29.09,64.71
562.55,3.7716,-2.0113,29.19,64.30
580.77,3.7670,-2.0126,29.30,63.91
599.11,3.7622,-2.0118,29.39,63.52
617.44,3.7578,-2.0136,29.48,63.15
635.70,3.7532,-2.0105,29.58,62.76
653.86,3.7489,-2.0110,29.67,62.41
672.17,3.7447,-2.0134,29.73,62.05
690.38,3.7404,-2.0132,29.79,61.70
708.58,3.7364,-2.0135,29.85,61.37
726.95,3.7322,-2.0148,29.91,61.02
745.16,3.7282,-2.0141,29.97,60.68
763.36,3.7241,-2.0110,30.02,60.34
781.59,3.7201,-2.0123,30.07,60.01
799.92,3.7162,-2.0128,30.10,59.69
818.25,3.7121,-2.0142,30.14,59.34
836.56,3.7082,-2.0151,30.18,59.02
854.77,3.7044,-2.0114,30.22,58.70
873.00,3.7005,-2.0141,30.26,58.37
891.31,3.6963,-2.0102,30.30,58.03
909.59,3.6927,-2.0129,30.35,57.73
927.95,3.6889,-2.0111,30.39,57.41
946.23,3.6849,-2.0155,30.43,57.08
964.58,3.6812,-2.0156,30.49,56.77
982.88,3.6775,-2.0117,30.53,56.46
1001.22,3.6739,-2.0123,30.57,56.15
1019.58,3.6701,-2.0147,30.62,55.84
1037.91,3.6664,-2.0124,30.68,55.54
1056.31,3.6628,-2.0132,30.73,55.23
1074.69,3.6593,-2.0117,30.78,54.94
1093.02,3.6556,-2.0126,30.83,54.64
1111.41,3.6521,-2.0131,30.89,54.34
1129.86,3.6485,-2.0132,30.94,54.04
1148.17,3.6449,-2.0134,30.99,53.75
1166.58,3.6416,-2.0134,31.05,53.46
1184.95,3.6380,-2.0143,31.10,53.17
1203.36,3.6348,-2.0141,31.15,52.90
1221.67,3.6312,-2.0108,31.20,52.60
1240.20,3.6280,-2.0109,31.25,52.33
1258.58,3.6247,-2.0136,31.31,52.06
1276.95,3.6213,-2.0131,31.36,51.77
1295.38,3.6181,-2.0128,31.42,51.51
1313.83,3.6148,-2.0126,31.47,51.24
1332.20,3.6113,-2.0113,31.52,50.94
1350.80,3.6083,-2.0137,31.58,50.69
1369.34,3.6048,-2.0128,31.64,50.40
1387.83,3.6019,-2.0132,31.68,50.16
1406.27,3.5984,-2.0106,31.73,49.87
1424.66,3.5955,-2.0146,31.78,49.63
1443.17,3.5925,-2.0125,31.83,49.37
1461.70,3.5893,-2.0157,31.88,49.11
1480.28,3.5864,-2.0132,31.92,48.86
1498.88,3.5833,-2.0147,31.98,48.61
1517.38,3.5802,-2.0136,32.02,48.35
1535.84,3.5773,-2.0110,32.07,48.11
1554.33,3.5743,-2.0127,32.11,47.86
1572.84,3.5715,-2.0147,32.16,47.62
1591.39,3.5686,-2.0115,32.21,47.39
1609.98,3.5658,-2.0133,32.26,47.15
1628.52,3.5630,-2.0139,32.31,46.91
1647.09,3.5602,-2.0142,32.36,46.68
1665.69,3.5575,-2.0109,32.41,46.46
1684.23,3.5546,-2.0131,32.45,46.22
1702.75,3.5520,-2.0136,32.49,46.00
1721.38,3.5494,-2.0117,32.53,45.78
1740.05,3.5467,-2.0112,32.59,45.56
1758.72,3.5440,-2.0132,32.64,45.33
1777.44,3.5416,-2.0124,32.68,45.14
1796.05,3.5391,-2.0120,32.73,44.92
1814.72,3.5369,-2.0126,32.76,44.74
1833.33,3.5343,-2.0123,32.81,44.52
1851.98,3.5320,-2.0100,32.85,44.33
1870.81,3.5298,-2.0141,32.91,44.15
1889.59,3.5273,-2.0133,32.95,43.94
1908.34,3.5249,-2.0111,33.01,43.74
1927.11,3.5227,-2.0136,33.05,43.56
1945.77,3.5207,-2.0143,33.09,43.39
1964.53,3.5186,-2.0133,33.14,43.21
1983.28,3.5164,-2.0141,33.18,43.04
2002.05,3.5144,-2.0132,33.23,42.87
2020.73,3.5124,-2.0140,33.29,42.70
2039.52,3.5105,-2.0153,33.31,42.54
2058.38,3.5083,-2.0134,33.36,42.36
2077.20,3.5065,-2.0107,33.41,42.21
2096.05,3.5046,-2.0117,33.46,42.05
2114.83,3.5027,-2.0127,33.51,41.89
2133.66,3.5009,-2.0104,33.55,41.74
2152.66,3.4989,-2.0141,33.59,41.57
2171.48,3.4972,-2.0112,33.64,41.43
2190.42,3.4953,-2.0130,33.69,41.27
2209.31,3.4933,-2.0110,33.74,41.11
2228.17,3.4918,-2.0116,33.80,40.98
2247.09,3.4896,-2.0115,33.85,40.80
2265.97,3.4878,-2.0153,33.90,40.65
2284.97,3.4859,-2.0116,33.96,40.49
2303.91,3.4839,-2.0116,34.02,40.32
2322.95,3.4824,-2.0155,34.07,40.20
2341.81,3.4801,-2.0113,34.12,40.01
2360.83,3.4780,-2.0115,34.18,39.83
2379.86,3.4762,-2.0127,34.23,39.68
2398.80,3.4739,-2.0132,34.28,39.49
2417.73,3.4720,-2.0147,34.34,39.33
2436.75,3.4696,-2.0140,34.40,39.13
2455.75,3.4674,-2.0123,34.47,38.95
2474.86,3.4655,-2.0126,34.52,38.79
2493.88,3.4631,-2.0154,34.58,38.60
2513.03,3.4607,-2.0109,34.65,38.39
2532.14,3.4584,-2.0112,34.70,38.20
2551.27,3.4559,-2.0138,34.78,37.99
2570.39,3.4532,-2.0126,34.84,37.76
2589.67,3.4504,-2.0137,34.91,37.54
2608.81,3.4479,-2.0140,34.96,37.33
2628.06,3.4454,-2.0132,35.04,37.12
2647.39,3.4422,-2.0113,35.12,36.85
2666.61,3.4394,-2.0138,35.17,36.62
2685.83,3.4362,-2.0148,35.25,36.35
2705.20,3.4329,-2.0129,35.32,36.07
2724.45,3.4296,-2.0135,35.40,35.80
2743.66,3.4264,-2.0127,35.47,35.53
2762.88,3.4225,-2.0140,35.54,35.21
2782.09,3.4188,-2.0091,35.61,34.90
2801.48,3.4148,-2.0153,35.69,34.56
2820.73,3.4104,-2.0155,35.77,34.20
2839.94,3.4057,-2.0113,35.84,33.81
2859.31,3.4014,-2.0107,35.91,33.45
2878.61,3.3962,-2.0107,35.99,33.02
2897.94,3.3906,-2.0114,36.08,32.55
2917.36,3.3845,-2.0113,36.15,32.04
2936.84,3.3779,-2.0130,36.24,31.49
2956.33,3.3705,-2.0129,36.32,30.87
2975.78,3.3623,-2.0157,36.41,30.19
2995.22,3.3526,-2.0124,36.50,29.39
3014.66,3.3420,-2.0124,36.59,28.50
3034.20,3.3299,-2.0126,36.68,27.49
3053.69,3.3157,-2.0120,36.78,26.31
3073.12,3.2995,-2.0135,36.88,24.96
3092.64,3.2810,-2.0142,36.99,23.42
3112.09,3.2592,-2.0134,37.12,21.60
3131.52,3.2342,-2.0132,37.24,19.52
3151.05,3.2052,-2.0131,37.36,17.10
3170.64,3.1714,-2.0149,37.49,14.29
3190.36,3.1318,-2.0124,37.63,10.99
3209.95,3.0848,-2.0121,37.78,7.07
3229.66,3.0282,-2.0109,37.94,2.35
3249.31,2.9567,-2.0138,38.10,0.00
3268.92,2.8592,-2.0101,38.27,0.00
3288.75,2.7129,-2.0105,38.46,0.00
3308.42,2.4879,-2.0124,38.71,0.00
35.58,3.9861,-2.0125,24.77,82.17
53.84,3.9647,-2.0108,24.92,80.39
72.03,3.9490,-2.0130,25.09,79.09
90.11,3.9360,-2.0166,25.26,78.00
108.38,3.9246,-2.0144,25.45,77.05
126.45,3.9148,-2.0130,25.63,76.23
144.58,3.9058,-2.0161,25.81,75.48
162.76,3.8977,-2.0131,25.99,74.81
180.97,3.8898,-2.0129,26.16,74.15
199.16,3.8824,-2.0132,26.34,73.53
217.41,3.8756,-2.0130,26.51,72.97
235.58,3.8691,-2.0125,26.67,72.43
253.89,3.8627,-2.0126,26.83,71.89
272.08,3.8564,-2.0104,27.00,71.37
290.28,3.8503,-2.0122,27.16,70.86
308.45,3.8447,-2.0117,27.31,70.39
326.64,3.8393,-2.0123,27.47,69.94
344.84,3.8342,-2.0128,27.62,69.52
362.98,3.8290,-2.0121,27.78,69.08
381.20,3.8239,-2.0107,27.92,68.65
399.38,3.8187,-2.0122,28.07,68.22
417.61,3.8136,-2.0138,28.21,67.80
435.75,3.8089,-2.0131,28.36,67.41
453.94,3.8037,-2.0122,28.50,66.97
472.14,3.7985,-2.0141,28.64,66.54
490.50,3.7933,-2.0126,28.78,66.11
508.70,3.7884,-2.0135,28.90,65.70
526.89,3.7832,-2.0120,29.02,65.27
545.09,3.7784,-2.0125,29.14,64.87
563.45,3.7735,-2.0113,29.26,64.46
581.55,3.7685,-2.0132,29.37,64.04
599.78,3.7639,-2.0127,29.46,63.66
618.19,3.7593,-2.0138,29.55,63.27
636.36,3.7549,-2.0161,29.64,62.91
654.64,3.7503,-2.0132,29.72,62.53
672.84,3.7462,-2.0140,29.78,62.18
691.08,3.7420,-2.0114,29.84,61.83
709.48,3.7379,-2.0115,29.90,61.49
727.83,3.7337,-2.0134,29.95,61.14
745.97,3.7295,-2.0134,30.01,60.79
764.19,3.7255,-2.0122,30.06,60.46
782.38,3.7215,-2.0123,30.10,60.13
800.67,3.7177,-2.0121,30.13,59.80
819.00,3.7135,-2.0108,30.16,59.46
837.34,3.7096,-2.0140,30.22,59.13
855.72,3.7057,-2.0141,30.25,58.81
873.97,3.7017,-2.0147,30.28,58.47
892.31,3.6977,-2.0104,30.33,58.14
910.61,3.6940,-2.0136,30.36,57.83
928.89,3.6901,-2.0146,30.41,57.51
947.20,3.6862,-2.0121,30.46,57.18
965.75,3.6822,-2.0118,30.50,56.85
984.11,3.6785,-2.0148,30.55,56.54
1002.50,3.6748,-2.0116,30.60,56.23
1020.80,3.6713,-2.0147,30.65,55.94
1039.20,3.6676,-2.0119,30.70,55.64
1057.55,3.6639,-2.0141,30.75,55.32
1075.97,3.6601,-2.0114,30.79,55.01
1094.31,3.6565,-2.0110,30.85,54.71
1112.72,3.6531,-2.0134,30.90,54.43
1131.09,3.6494,-2.0141,30.96,54.12
1149.52,3.6459,-2.0146,31.01,53.82
1167.97,3.6425,-2.0113,31.06,53.54
1186.38,3.6389,-2.0129,31.11,53.24
1204.92,3.6355,-2.0134,31.16,52.95
1223.36,3.6321,-2.0144,31.22,52.68
1241.86,3.6286,-2.0126,31.28,52.38
1260.22,3.6251,-2.0129,31.33,52.09
1278.78,3.6219,-2.0090,31.37,51.83
1297.30,3.6186,-2.0149,31.43,51.55
1315.77,3.6152,-2.0135,31.49,51.27
1334.08,3.6121,-2.0112,31.54,51.01
1352.58,3.6089,-2.0119,31.58,50.74
1371.11,3.6056,-2.0137,31.63,50.47
1389.59,3.6024,-2.0162,31.69,50.20
1408.11,3.5991,-2.0142,31.74,49.92
1426.66,3.5961,-2.0119,31.79,49.67
1445.08,3.5929,-2.0112,31.84,49.41
1463.77,3.5898,-2.0124,31.88,49.15
1482.31,3.5868,-2.0134,31.95,48.90
1501.08,3.5835,-2.0121,31.99,48.63
1519.64,3.5806,-2.0147,32.04,48.38
1538.14,3.5779,-2.0164,32.09,48.16
1556.77,3.5748,-2.0151,32.14,47.90
1575.42,3.5719,-2.0166,32.18,47.66
1594.02,3.5691,-2.0111,32.22,47.42
1612.55,3.5663,-2.0112,32.27,47.19
1631.12,3.5634,-2.0134,32.32,46.95
1649.77,3.5604,-2.0115,32.36,46.70
1668.39,3.5578,-2.0131,32.41,46.48
1686.95,3.5550,-2.0132,32.44,46.25
1705.50,3.5524,-2.0116,32.50,46.03
1724.12,3.5499,-2.0138,32.55,45.83
1742.73,3.5471,-2.0130,32.58,45.59
1761.36,3.5445,-2.0142,32.63,45.38
1780.09,3.5421,-2.0106,32.68,45.18
1798.83,3.5396,-2.0115,32.73,44.97
1817.53,3.5370,-2.0143,32.77,44.75
1836.30,3.5348,-2.0113,32.81,44.56
1854.92,3.5324,-2.0122,32.85,44.36
1873.59,3.5299,-2.0130,32.90,44.16
1892.31,3.5278,-2.0132,32.94,43.98
1911.05,3.5255,-2.0130,32.99,43.79
1929.83,3.5233,-2.0113,33.02,43.60
1948.52,3.5210,-2.0122,33.07,43.41
1967.25,3.5189,-2.0123,33.12,43.24
1985.97,3.5168,-2.0139,33.16,43.07
2004.78,3.5148,-2.0113,33.21,42.90
2023.67,3.5126,-2.0144,33.25,42.72
2042.45,3.5108,-2.0134,33.30,42.56
2061.33,3.5090,-2.0139,33.34,42.42
2080.25,3.5070,-2.0103,33.40,42.25
2098.97,3.5050,-2.0141,33.44,42.08
2117.92,3.5033,-2.0138,33.49,41.94
2136.75,3.5013,-2.0103,33.53,41.78
2155.53,3.4994,-2.0147,33.58,41.62
2174.34,3.4976,-2.0136,33.63,41.46
2193.25,3.4955,-2.0093,33.68,41.29
2212.11,3.4938,-2.0112,33.74,41.15
2231.06,3.4917,-2.0126,33.78,40.98
2249.88,3.4899,-2.0119,33.83,40.83
2268.76,3.4883,-2.0120,33.89,40.69
2287.76,3.4861,-2.0114,33.94,40.51
2306.72,3.4841,-2.0137,33.99,40.34
2325.64,3.4825,-2.0115,34.05,40.21
2344.59,3.4803,-2.0100,34.10,40.02
2363.64,3.4784,-2.0150,34.16,39.87
2382.59,3.4761,-2.0143,34.21,39.68
2401.56,3.4741,-2.0151,34.27,39.51
2420.64,3.4721,-2.0159,34.33,39.34
2439.64,3.4698,-2.0128,34.39,39.15
2458.64,3.4679,-2.0139,34.45,38.99
2477.59,3.4657,-2.0118,34.50,38.81
2496.69,3.4632,-2.0115,34.56,38.60
2515.78,3.4609,-2.0130,34.64,38.41
2534.91,3.4586,-2.0103,34.69,38.22
2554.01,3.4560,-2.0145,34.76,38.00
2573.11,3.4536,-2.0135,34.81,37.80
2592.39,3.4510,-2.0144,34.89,37.58
2611.51,3.4483,-2.0143,34.96,37.36
2630.67,3.4455,-2.0120,35.03,37.12
2649.89,3.4426,-2.0120,35.10,36.89
2669.16,3.4395,-2.0120,35.18,36.63
2688.48,3.4364,-2.0147,35.25,36.37
2707.76,3.4332,-2.0142,35.32,36.10
2727.05,3.4299,-2.0109,35.39,35.83
2746.34,3.4263,-2.0145,35.46,35.53
2765.67,3.4224,-2.0107,35.54,35.20
2784.91,3.4187,-2.0121,35.61,34.89
2804.20,3.4148,-2.0129,35.68,34.57
2823.53,3.4105,-2.0157,35.76,34.21
2843.00,3.4056,-2.0133,35.83,33.80
2862.22,3.4010,-2.0144,35.91,33.42
2881.55,3.3957,-2.0108,35.99,32.97
2901.03,3.3902,-2.0130,36.06,32.52
2920.48,3.3840,-2.0089,36.13,32.00
2939.88,3.3773,-2.0103,36.21,31.44
2959.25,3.3696,-2.0144,36.30,30.80
2978.61,3.3611,-2.0127,36.39,30.09
2998.11,3.3514,-2.0118,36.49,29.28
3017.59,3.3407,-2.0148,36.58,28.39
3036.98,3.3280,-2.0134,36.66,27.33
3056.42,3.3136,-2.0118,36.78,26.13
3075.88,3.2968,-2.0145,36.88,24.74
3095.33,3.2776,-2.0136,36.98,23.13
3114.78,3.2552,-2.0154,37.10,21.26
3134.45,3.2292,-2.0117,37.23,19.10
3153.97,3.1993,-2.0127,37.35,16.61
3173.42,3.1644,-2.0139,37.48,13.70
3193.09,3.1229,-2.0136,37.63,10.24
3212.72,3.0739,-2.0144,37.76,6.15
3232.42,3.0143,-2.0135,37.92,1.19
3252.23,2.9373,-2.0101,38.09,0.00
3271.91,2.8292,-2.0128,38.27,0.00
3291.48,2.6652,-2.0110,38.48,0.00
35.58,3.9862,-2.0122,24.69,82.18
53.72,3.9653,-2.0114,24.85,80.44
71.83,3.9493,-2.0116,25.01,79.11
90.06,3.9358,-2.0115,25.19,77.98
108.20,3.9249,-2.0135,25.37,77.07
126.38,3.9148,-2.0131,25.56,76.23
144.55,3.9061,-2.0116,25.73,75.51
162.72,3.8974,-2.0119,25.91,74.79
180.92,3.8898,-2.0126,26.10,74.15
199.14,3.8825,-2.0142,26.26,73.54
217.30,3.8760,-2.0137,26.43,73.00
235.44,3.8694,-2.0143,26.61,72.45
253.67,3.8627,-2.0138,26.77,71.89
271.89,3.8568,-2.0102,26.93,71.40
289.97,3.8507,-2.0124,27.10,70.89
308.16,3.8449,-2.0124,27.24,70.41
326.19,3.8396,-2.0139,27.40,69.97
344.31,3.8343,-2.0134,27.55,69.53
362.59,3.8291,-2.0106,27.70,69.09
380.88,3.8242,-2.0129,27.85,68.69
399.06,3.8190,-2.0111,28.00,68.25
417.20,3.8142,-2.0125,28.16,67.85
435.55,3.8090,-2.0115,28.30,67.42
453.75,3.8037,-2.0134,28.43,66.97
471.95,3.7988,-2.0132,28.57,66.57
490.16,3.7936,-2.0111,28.71,66.13
508.33,3.7887,-2.0139,28.83,65.73
526.48,3.7836,-2.0184,28.96,65.30
544.69,3.7786,-2.0143,29.07,64.89
562.94,3.7735,-2.0130,29.19,64.45
581.14,3.7687,-2.0135,29.30,64.06
599.42,3.7643,-2.0117,29.40,63.69
617.59,3.7596,-2.0136,29.50,63.30
635.80,3.7550,-2.0146,29.56,62.91
654.11,3.7507,-2.0129,29.65,62.56
672.42,3.7463,-2.0144,29.72,62.20
690.75,3.7420,-2.0148,29.78,61.83
709.08,3.7378,-2.0144,29.85,61.48
727.30,3.7337,-2.0121,29.89,61.14
745.62,3.7297,-2.0118,29.95,60.81
764.05,3.7256,-2.0135,30.00,60.47
782.39,3.7217,-2.0123,30.04,60.14
800.72,3.7174,-2.0098,30.08,59.78
819.16,3.7137,-2.0169,30.12,59.48
837.48,3.7096,-2.0082,30.15,59.13
855.75,3.7057,-2.0128,30.19,58.81
874.03,3.7017,-2.0109,30.23,58.48
892.30,3.6976,-2.0133,30.27,58.14
910.62,3.6938,-2.0127,30.32,57.82
928.95,3.6900,-2.0162,30.35,57.50
947.20,3.6861,-2.0109,30.40,57.17
965.56,3.6821,-2.0143,30.44,56.84
983.83,3.6783,-2.0156,30.50,56.53
1002.19,3.6748,-2.0157,30.54,56.23
1020.45,3.6710,-2.0122,30.59,55.92
1038.81,3.6674,-2.0102,30.63,55.62
1057.22,3.6636,-2.0096,30.69,55.30
1075.58,3.6601,-2.0091,30.74,55.01
1093.92,3.6563,-2.0147,30.79,54.69
1112.23,3.6530,-2.0100,30.84,54.42
1130.67,3.6496,-2.0109,30.89,54.13
1149.06,3.6457,-2.0115,30.95,53.81
1167.33,3.6423,-2.0133,31.00,53.53
1185.72,3.6388,-2.0163,31.05,53.24
1204.06,3.6354,-2.0137,31.10,52.95
1222.45,3.6321,-2.0103,31.15,52.67
1240.91,3.6288,-2.0102,31.20,52.40
1259.30,3.6254,-2.0141,31.26,52.12
1277.69,3.6220,-2.0086,31.31,51.83
1296.20,3.6187,-2.0121,31.36,51.56
1314.52,3.6153,-2.0140,31.42,51.28
1332.98,3.6119,-2.0096,31.46,50.99
1351.48,3.6088,-2.0150,31.52,50.73
1369.92,3.6054,-2.0106,31.57,50.45
1388.42,3.6023,-2.0151,31.62,50.19
1406.98,3.5992,-2.0157,31.67,49.93
1425.45,3.5959,-2.0131,31.72,49.66
1444.09,3.5929,-2.0120,31.76,49.41
1462.62,3.5897,-2.0129,31.82,49.14
1481.08,3.5869,-2.0125,31.87,48.91
1499.62,3.5839,-2.0136,31.92,48.65
1518.14,3.5805,-2.0132,31.97,48.37
1536.67,3.5777,-2.0126,32.02,48.14
1555.22,3.5748,-2.0116,32.06,47.90
1573.75,3.5720,-2.0146,32.12,47.67
1592.30,3.5691,-2.0112,32.16,47.43
1610.88,3.5661,-2.0115,32.20,47.18
1629.52,3.5633,-2.0115,32.25,46.94
1648.09,3.5605,-2.0119,32.30,46.71
1666.56,3.5577,-2.0128,32.34,46.47
